battery_id,cycle,cycle_type,capacity,voltage_mean,voltage_min,voltage_max,current_mean,current_min,current_max,temperature_mean,temperature_min,temperature_max,current_load_mean,voltage_load_mean,discharge_duration,initial_capacity,soh
B0005,2,discharge,1.8564874208181572,3.52982866886934,2.612467347907089,4.191491807505295,-1.8187019641679727,-2.0180146876333027,0.0007285852728454,32.572328114029,24.325993424022467,38.98218133148803,-1.805569543147208,2.404944162436548,3690.234,1.8564874208181572,100.0
B0005,4,discharge,1.846327249719927,3.5373201277859714,2.587208728940726,4.189773213846608,-1.817559850661287,-2.016820542901454,0.0029274033590803,32.72523522519307,24.685948163596,39.03339796678704,-1.8045826530612243,2.399260204081633,3672.344,1.8564874208181572,99.45272071416716
B0005,6,discharge,1.835349194223408,3.5437367282719,2.65191689384378,4.188186735991303,-1.816486541884096,-2.016573862170142,0.001483676365228,32.64286193755933,24.7342661639544,38.81879668981741,-1.8035753846153844,2.39796923076923,3651.641,1.8564874208181572,98.86138595081707
B0005,8,discharge,1.8352625275821128,3.5436661072601456,2.592947964776547,4.188461118855572,-1.8255891938692528,-2.0159359571668354,0.0015470119527235,32.51487646204882,24.65224374129252,38.7623045063458,-1.8128628865979384,2.4082886597938145,3631.563,1.8564874208181572,98.85671763794174
B0005,10,discharge,1.8346455082120416,3.5423432526672167,2.547419651124539,4.188298524761055,-1.8261139590277584,-2.017425579158831,0.0017014548245034,32.38234901543077,24.518700434435164,38.66539257343368,-1.8128762886597936,2.408505154639175,3629.172,1.8564874208181572,98.82348178817772
B0005,12,discharge,1.8356616600675493,3.541334734634757,2.5209480504077413,4.188815807948604,-1.8168108743168805,-2.0162347618032066,0.0024899497555445,32.43418218230641,24.51442664842638,38.75169504640032,-1.80365641025641,2.3962512820512822,3652.281,1.8564874208181572,98.87821697485944
B0005,14,discharge,1.8351461429226603,3.541025049507521,2.487927319492314,4.18839163793879,-1.816791144707133,-2.01583310669507,0.0023142958827398,32.480416444757985,24.575581239008407,38.8207012322275,-1.8036205128205127,2.394646153846154,3650.828,1.8564874208181572,98.85044855913478
B0005,16,discharge,1.8257567905665535,3.554133296801584,2.665204904745877,4.188927891511958,-1.844341212075406,-2.0166395518034546,0.0022276160569156,32.41046186109587,24.71132429046902,38.51713023385634,-1.830883769633508,2.434628272251309,3572.453,1.8564874208181572,98.34468955151549
B0005,18,discharge,1.8247738529891333,3.5529355991467955,2.603858472633368,4.189029250882121,-1.853972745505648,-2.018357230695621,0.0054010283210214,32.3461408313,24.628487294051176,38.526267904657,-1.8405052631578949,2.4485105263157894,3550.594,1.8564874208181572,98.29174345738106
B0005,20,discharge,1.824613268496936,3.5512057319377,2.552853984885676,4.189223427076418,-1.853589933851096,-2.016071837814984,0.0030191479674457,32.27679750791685,24.561560340089137,38.52698128472781,-1.8404957894736844,2.4496526315789477,3551.25,1.8564874208181572,98.28309354731991
B0005,22,discharge,1.8246195526864504,3.549292319740949,2.472448301852732,4.188916055911241,-1.863380178294828,-2.0160713863396573,0.0026264001899385,32.15709350345252,24.43128509546442,38.54143406601644,-1.8502624338624336,2.4602222222222223,3530.25,1.8564874208181572,98.28343204622078
B0005,25,discharge,1.814201935767392,3.559759220648976,2.64956413267546,4.189876247266316,-1.872968810287894,-2.016851865845563,0.0023645237017673,32.36407129853099,24.74037188089418,38.52197451768004,-1.8593454545454544,2.4758021390374334,3491.016,1.8564874208181572,97.72228539894282
B0005,27,discharge,1.8137521577549052,3.558081969139198,2.5724981777366227,4.189286794768804,-1.8826095043160835,-2.016393908986775,0.001858378552761,32.3181954403762,24.733107699311518,38.582485834057856,-1.869324731182796,2.493279569892473,3470.281,1.8564874208181572,97.69805803238793
B0005,29,discharge,1.8134404914735824,3.555692244172496,2.5249886697730286,4.188837765892728,-1.882536787636365,-2.0158117255163046,0.0022664654273509,32.15709029211502,24.44798340505406,38.52029413487392,-1.869324731182796,2.4930591397849464,3470.0,1.8564874208181572,97.68127007692819
B0005,31,discharge,1.8025980036306504,3.562746818017503,2.694621861688723,4.189110301768517,-1.8817935155260213,-2.0193509920362724,0.0013199464372558,32.04407000314609,24.46309712112356,38.21358592965045,-1.868625945945946,2.493508108108108,3450.297,1.8564874208181572,97.09723768751648
B0005,33,discharge,1.80210690024615,3.5614521756489204,2.64010141737067,4.18921207304098,-1.8921861285036712,-2.0164420273602586,0.0030782527761262,31.93159367491153,24.32051139249706,38.1983618706913,-1.8787804347826087,2.5033804347826085,3429.407,1.8564874208181572,97.07078432300708
B0005,35,discharge,1.802579500826209,3.5603420474985823,2.573903509838096,4.188899969428112,-1.9027629207037409,-2.016465255161054,0.00090184864654,31.941655359029298,24.357321702352365,38.31926916027133,-1.8890437158469944,2.5137704918032786,3409.484,1.8564874208181572,97.09624103091468
B0005,37,discharge,1.8030683142834096,3.5591189041401865,2.4942396831720126,4.188779799856791,-1.913347060582244,-2.0181069603406625,-0.0004481239748701,31.965008645476725,24.382419922756025,38.4787542519308,-1.89941978021978,2.5288736263736262,3390.422,1.8564874208181572,97.12257104811377
B0005,39,discharge,1.802777624719604,3.557886771846508,2.4556793246645583,4.189272591516219,-1.9131602105481536,-2.0170254305215485,0.0023375587090041,31.966241678512723,24.355030419469987,38.54659017774874,-1.8994164835164835,2.529324175824176,3390.281,1.8564874208181572,97.1069130069902
B0005,42,discharge,1.8470259949329195,3.5520375235511907,2.632142800798914,4.187614060563439,-1.8553455745575973,-2.01684718332263,0.0059551658046401,32.37143341978575,24.54942444728521,38.44749852224995,-1.8422010416666668,2.4483229166666667,3591.734,1.8564874208181572,99.4903587398902
B0005,46,discharge,1.847417311283644,3.5525668436897124,2.5027764692056795,4.187628781108399,-1.8746995273150973,-2.016190951623346,0.0016182635202416,32.70024990461686,24.917503693363493,38.992275791716615,-1.8615263157894737,2.474068421052632,3552.297,1.8564874208181572,99.51143705942721
B0005,50,discharge,1.8361774213478947,3.556794038327039,2.617507742871704,4.187447226312926,-1.873827212788385,-2.016760348146938,0.0025192157843694,32.32266411829938,24.56596639952811,38.51424197364312,-1.8608,2.480037037037037,3531.578,1.8564874208181572,98.90599854098059
B0005,54,discharge,1.825780747577624,3.5614100044534203,2.694074478000972,4.187344026387161,-1.883193546754683,-2.0160230713598764,0.0037933120349866,31.98795810666763,24.21658146702539,38.165816144899125,-1.8700117647058825,2.4924491978609624,3492.907,1.8564874208181572,98.34597999985365
B0005,58,discharge,1.8251136435078368,3.556610794781798,2.6237674644021887,4.187438187636325,-1.873239184822504,-2.01719076462715,0.0034388887386759,31.894456524691385,24.05499065781757,38.16526203587147,-1.860063829787234,2.4792606382978724,3511.594,1.8564874208181572,98.31004632950898
B0005,62,discharge,1.825581504220376,3.5586742170266272,2.5010798299873738,4.18774138117799,-1.9139593751505897,-2.016114862565665,0.0012614422239159,31.78039681801023,24.024851602995685,38.27549578575718,-1.9004891304347828,2.5292119565217392,3431.9370000000054,1.8564874208181572,98.33524772367372
B0005,66,discharge,1.814031127508391,3.564103182686905,2.68499881852498,4.188261122540052,-1.9030532722310995,-2.016863630474281,0.0031353992245556,31.688747146342205,23.93622764909489,37.98216079918311,-1.8896369565217397,2.516663043478261,3431.125,1.8564874208181572,97.7130847840027
B0005,70,discharge,1.8147691941158937,3.559588063594272,2.547109116468133,4.187338767288234,-1.9134590742247917,-2.024643671910137,0.0011043615738374,31.596747992569156,23.811534187517506,38.11100191887773,-1.899954098360656,2.529601092896175,3412.406,1.8564874208181572,97.75284086310275
B0005,74,discharge,1.813969388710352,3.556833231052199,2.471314764334132,4.187560306288175,-1.913620909902553,-2.017291134571006,-3.060676830687782e-05,31.56558649878708,23.754765330883423,38.18831137948753,-1.899956284153005,2.527672131147541,3410.688,1.8564874208181572,97.70975921350077
B0005,78,discharge,1.802765665167823,3.5624410850948944,2.6613903306108773,4.18805176248713,-1.902581974571906,-2.01713712589233,0.0037901043107805,31.59124667045208,23.79410930748377,37.99854111908584,-1.8890437158469948,2.5117868852459013,3410.718,1.8564874208181572,97.10626880376819
B0005,82,discharge,1.804077040117352,3.5591407106855666,2.541762355407921,4.187667484260542,-1.9130621638638965,-2.015946028510057,0.0006901740069088,31.603485399391182,23.80130098691845,38.194201649765226,-1.8994175824175823,2.5213186813186814,3392.719,1.8564874208181572,97.17690623092356
B0005,86,discharge,1.8518025516704488,3.5573161327793144,2.628919415830567,4.2010701773378685,-1.920618117118412,-2.0167372379007014,0.0008475435827522,31.91556385491565,23.78129749955371,38.45796400011448,1.906736388140162,2.512035040431267,3470.672,1.8564874208181572,99.74764875349149
B0005,90,discharge,1.8307038456739428,3.561870782772737,2.6312552691827045,4.1996223345495824,-1.9298830859597569,-2.0183057226929555,0.0011650883880798,32.081128118597164,24.2036410699716,38.49126351534004,1.9161506849315069,2.5250219178082194,3414.109,1.8564874208181572,98.61116348782738
B0005,94,discharge,1.8199041089501269,3.5617586337260088,2.654880745360911,4.199853323702163,-1.929300528480541,-2.016579511976592,0.0019472390588109,31.849792632896243,24.00078927251757,38.31473393357882,1.9156760330578515,2.520526170798898,3395.219,1.8564874208181572,98.02943389447218
B0005,98,discharge,1.809307963702852,3.5597307651083123,2.6749688422803803,4.199103467081427,-1.923330987770314,-2.0193879194408373,0.0018372947715281,31.465690433362017,23.53999092882516,37.861934640176806,1.9099110497237568,2.510174033149171,3386.0,1.8564874208181572,97.45867078945716
B0005,102,discharge,1.80460990458052,3.5575937553540915,2.6159705726789904,4.199998536865001,-1.9284469980320087,-2.015814483813837,0.0074961910680886,31.40934895665031,23.56609574757256,37.90665575786083,1.9149688888888887,2.511605555555556,3368.187,1.8564874208181572,97.20560906279803
B0005,106,discharge,1.7993770651972192,3.5597237883937995,2.658447162110498,4.19967522099872,-1.9231439161693824,-2.019901495893039,0.0013923748862999,31.90224747551808,23.9730227457941,38.34003238560517,1.9094477777777776,2.503302777777778,3368.266,1.8564874208181572,96.92374130950107
B0005,110,discharge,1.7884432335370462,3.559061771422033,2.697942608427116,4.1991847248803165,-1.917014964043808,-2.016522387288751,0.0025753372180031,31.649024294808623,23.755161868961988,38.0745950590744,1.903607242339833,2.49866295264624,3358.719,1.8564874208181572,96.3347886703631
B0005,114,discharge,1.7829230484252725,3.557015527748059,2.6617272246516333,4.200012480335,-1.922048805055383,-2.017112121704317,0.0011747056452339,31.48874626238971,23.51454265913581,38.07252758016199,1.908672829131653,2.502120448179272,3339.5,1.8564874208181572,96.03744299218226
B0005,118,discharge,1.7730337158018288,3.5562481933590964,2.699288287625812,4.1992373656547874,-1.916230282154988,-2.018009988339822,0.0023816748049826,31.329995610092634,23.27146353182613,37.80133585100446,1.902809550561798,2.4921376404494384,3331.265,1.8564874208181572,95.50475246530083
B0005,122,discharge,1.773037755078937,3.5532756526091784,2.612793240883853,4.199395781118708,-1.9220800182578983,-2.017724236336294,0.0021374370347549,31.569551201845574,23.439367870877128,38.39873985476869,1.908174647887324,2.496878873239437,3321.188,1.8564874208181572,95.50497004162604
B0005,126,discharge,1.7678721106662054,3.556266431640255,2.6637064901468075,4.199578698026071,-1.916241789031196,-2.016792488625222,0.0015198619580386,32.111426258867944,24.020578317587123,38.74929237918251,1.9025887323943664,2.492509859154929,3321.844,1.8564874208181572,95.22672175646098
B0005,130,discharge,1.762315070409309,3.5563095420140822,2.6668454289754746,4.199546957512695,-1.915880982351776,-2.017255132631586,0.0018244735178706,32.271676011112376,24.256086319320037,38.87275464755104,1.9023000000000003,2.494497175141243,3311.828,1.8564874208181572,94.92739086983167
B0005,134,discharge,1.7676172924938447,3.558950851054106,2.684431051981017,4.194091469340824,-1.911440626575304,-2.0159457514475405,0.0005228307091433,31.842291659678654,23.99270220171187,38.503541429116005,-1.8978,2.516620111731844,3327.391,1.8564874208181572,95.21299593373236
B0005,136,discharge,1.762668359743147,3.5534418211598053,2.645224362345869,4.200715235801255,-1.9158166997544157,-2.021877555086194,0.0024271068866283,31.759815453754253,23.826487051861594,38.27009094548294,1.9022700564971755,2.498725988700565,3312.078,1.8564874208181572,94.9464208578551
B0005,140,discharge,1.7517304870664143,3.5510121537420285,2.6603527244917,4.1990980807180325,-1.9151304155635371,-2.0169903181968984,0.0006158711833322,31.41911167391793,23.348558306380397,38.11684755251712,1.9017289772727275,2.492619318181818,3293.172,1.8564874208181572,94.35725054869609
B0005,144,discharge,1.7418496047960008,3.551317608213948,2.6926849789916263,4.199398534411534,-1.914848578439364,-2.016185456554963,0.0008035192993614,31.331626572312267,23.23621418856597,38.04152715355532,1.901172,2.489822857142857,3275.328,1.8564874208181572,93.82501520146927
B0005,148,discharge,1.7360913511847138,3.549003180550162,2.670544734728978,4.199122915612965,-1.9144128654409127,-2.0170647431651068,0.0014889451776809,31.35934131425137,23.214801785728056,38.17980302242767,1.900898567335244,2.4861575931232096,3265.016,1.8564874208181572,93.51484592444021
B0005,150,discharge,1.7936240148573608,3.559764834095517,2.605158060541757,4.190409478081396,-1.9388813849818085,-2.0168134548386294,0.0024931147123922,34.31088483888259,26.647373946169797,40.71218198711114,1.9252814606741573,2.527724719101124,3328.937,1.8564874208181572,96.61385230754257
B0005,154,discharge,1.7831890223273277,3.5623454342368555,2.672012007453096,4.199933846791869,-1.927509725704535,-2.0165540953857675,0.0028589701045215,33.43585640373788,25.69911743242072,39.88526123315293,1.9140382022471911,2.5045955056179774,3329.266,1.8564874208181572,96.0517697201241
B0005,158,discharge,1.7673642076278957,3.558336657621618,2.674271233724938,4.199365021329158,-1.9267185977839405,-2.022483480851903,0.0012369720338688,32.66698125020078,24.83328108182313,39.18287352945846,1.91328895184136,2.5031246458923517,3301.579,1.8564874208181572,95.19936347583842
B0005,162,discharge,1.7570177850353066,3.554013138622869,2.6309416727017187,4.19902365945384,-1.9261308349663744,-2.016804145903712,0.0027115029184951,32.28423408691397,24.361616832363048,38.95156480403077,1.9127868945868944,2.497017094017094,3283.563,1.8564874208181572,94.64205172265513
B0005,166,discharge,1.7468706179837907,3.552376095886298,2.6629725743154204,4.199432142144215,-1.9202346781375208,-2.0172800396238526,0.0031272458314235,32.00739178780946,24.019157444608588,38.607510759873634,1.906788,2.4874085714285714,3275.125,1.8564874208181572,94.09547290193552
B0005,170,discharge,1.7417172507457144,3.549618661283733,2.612942119873717,4.199640922827531,-1.9201011498853635,-2.0159193745006387,0.0012894534058489,32.06387071886056,24.00664649428476,38.920359903369054,1.9065845272206303,2.47839541547278,3265.656,1.8564874208181572,93.81788592880078
B0005,174,discharge,1.7364225056478186,3.54938103086703,2.615719844266148,4.199305653118061,-1.9144278105456467,-2.020605919573001,0.0010352326876111,32.43754560319043,24.328038456694348,39.23273115358871,1.9008893982808024,2.4728252148997134,3266.093,1.8564874208181572,93.53268361401416
B0005,178,discharge,1.7263217239235826,3.547211868041896,2.6287695472774453,4.198949734540481,-1.908340706503589,-2.017554048083073,0.0021414406216503,32.16809876635083,24.121591093765637,38.9649270684008,1.894835632183908,2.4686465517241376,3257.594,1.8564874208181572,92.98860334657101
B0005,182,discharge,1.7158065389330133,3.5467052098640246,2.6655106679421823,4.19834220599025,-1.902207182631691,-2.016416703030436,0.0017702200905978,32.05752645824972,23.971565610462942,38.83927283461771,1.8887763688760808,2.4558587896253603,3248.593,1.8564874208181572,92.42220117908766
B0005,186,discharge,1.710533351135192,3.544629653883431,2.650495153350403,4.198995776266302,-1.9020484449938715,-2.0170229987437884,0.0014307662327893,31.975920928072718,23.83541998401671,38.82796377704433,1.8884606936416184,2.4537601156069364,3238.766,1.8564874208181572,92.1381600518121
B0005,190,discharge,1.706014499648521,3.5436291614253204,2.643236235233877,4.19916986492694,-1.8964907679062355,-2.016783933430818,0.0049011998067657,32.21689335291319,23.956923878018035,39.14007944734004,1.8827364161849716,2.4475115606936417,3240.14,1.8564874208181572,91.89475137389714
B0005,194,discharge,1.7003110272642588,3.5444946147995258,2.656450207001938,4.199246833083063,-1.895971437908019,-2.0199829306240717,0.0017964242690772,32.55632993697177,24.465118009505925,39.349611598028886,1.8824028985507248,2.44756231884058,3230.109,1.8564874208181572,91.587532896664
B0005,198,discharge,1.6945798601797897,3.5409201846556857,2.626177688152069,4.19925518864016,-1.889964879983928,-2.016448312230377,0.0048990136261112,32.40048085325998,24.267851748683743,39.29444535878087,1.8765976811594205,2.440286956521739,3229.7810000000027,1.8564874208181572,91.27882263985315
B0005,202,discharge,1.6849029086609286,3.541195668799061,2.6582230344240045,4.199610827671791,-1.889370382442051,-2.026465491633473,0.0024344067431928,32.29371860868794,24.14386556947967,39.10487658009542,1.8758862973760932,2.437775510204081,3212.469,1.8564874208181572,90.75757205607076
B0005,206,discharge,1.6744741591159715,3.540671044783382,2.695100237338448,4.1994453812630566,-1.8776883243431417,-2.017330650607364,0.0014513205321675,32.1360714480678,23.93408558388468,39.0462609369598,1.864215743440233,2.4169620991253646,3213.219,1.8564874208181572,90.19582574806932
B0005,210,discharge,1.6745692479879102,3.537604879026877,2.639091813583503,4.198991968341307,-1.8831065986697757,-2.02257876070347,0.0059339984616673,32.38268549723498,24.08059534182364,39.398032192832,1.86970350877193,2.425584795321637,3203.578,1.8564874208181572,90.20094772578231
B0005,214,discharge,1.663716375981405,3.538422485261741,2.6857210282450983,4.197785116892181,-1.876359921441716,-2.0158674131052456,0.0034449440902895,32.30899951427637,24.428816535813286,39.10678394120843,1.8634428152492668,2.4160117302052786,3195.125,1.8564874208181572,89.61635599169331
B0005,216,discharge,1.659013868748246,3.53928626988912,2.69017866510873,4.201331130571617,-1.870955026010444,-2.016878594815316,0.0012286208011475,32.56636929496716,24.3288116844709,39.44448954135193,1.8575706744868037,2.412803519061584,3195.312999999994,1.8564874208181572,89.36305466681351
B0005,220,discharge,1.6538540573335014,3.533690170241391,2.639895313359579,4.199339974904826,-1.8705599868289544,-2.019019155129933,0.0006759557151863,32.46542951751835,24.124885387020974,39.509602016775695,1.8571552941176472,2.401258823529412,3186.297,1.8564874208181572,89.08512057704357
B0005,224,discharge,1.642653782130131,3.534367734544495,2.68991452927918,4.198916244859707,-1.8640049795794804,-2.0179820220655023,0.0017286665299136,32.347056454418095,23.980294072799666,39.33486536224533,1.8508483775811209,2.390194690265487,3176.438,1.8564874208181572,88.48181591266643
B0005,228,discharge,1.6378578430223698,3.5312941932103548,2.65935818848874,4.198537488587242,-1.8636932149873204,-2.0158401305926343,0.0008822013179447,32.371538940646154,23.969183667109306,39.43723270017243,1.850440828402367,2.38642899408284,3167.593,1.8564874208181572,88.22348186450749
B0005,232,discharge,1.6327350407099108,3.5309134771684274,2.6657030585650423,4.198943932259475,-1.857820396301907,-2.0192083553177325,0.0032196054196979,32.45549347979197,24.037074564457946,39.51375235624076,1.844530177514793,2.3790325443786986,3167.719,1.8564874208181572,87.94754127611388
B0005,236,discharge,1.6277528915533617,3.5287226893409893,2.642986759012803,4.199579806494986,-1.8572160981955343,-2.017754065523427,0.0023292227087573,32.50017194695606,24.074008046047823,39.60170302810528,1.8440694362017804,2.3752314540059345,3159.077999999994,1.8564874208181572,87.67917699307696
B0005,240,discharge,1.622125485521159,3.52625493581969,2.631116911889304,4.198782234828033,-1.8568340008006827,-2.016206764491147,0.0036382151418645,32.50100298369444,24.043536678896334,39.68746359758208,1.8436053571428577,2.3729464285714283,3148.829,1.8564874208181572,87.37605584239755
B0005,244,discharge,1.6113256603765849,3.528684324337005,2.696157404617167,4.19910517813207,-1.8448886500218813,-2.018425729441905,0.0024093430745418,32.4728927422438,24.007622451152475,39.53535075538898,1.8316964285714288,2.3579464285714287,3149.094,1.8564874208181572,86.79432148624367
B0005,248,discharge,1.6065631397488385,3.525556939424901,2.6667596238241567,4.198510853141954,-1.8444180038305809,-2.0200094988659028,0.0018183081167425,32.50480154634882,23.99346277596251,39.6502371632164,1.8312077611940296,2.3558567164179105,3140.547,1.8564874208181572,86.53778753000239
B0005,252,discharge,1.6015142233917594,3.5226805646793737,2.6403185448373043,4.198732430468704,-1.843879038983512,-2.0160906793454063,0.002394554712978,32.51218336210202,23.977316018708777,39.69929058154853,1.8306784431137724,2.355110778443114,3131.625,1.8564874208181572,86.26582682073706
B0005,256,discharge,1.590369231400328,3.524673458789008,2.69892986372897,4.198799630396931,-1.83711254029409,-2.017218805788003,0.0034591794789042,32.45692821941515,23.92726467831658,39.56076309770468,1.8241735735735736,2.347864864864865,3121.907,1.8564874208181572,85.66549999565575
B0005,260,discharge,1.5857889968242211,3.5213155754526824,2.6682466504352997,4.198753541225669,-1.831595707598376,-2.017576881832417,0.0029115539788594,32.447059186431154,23.878754027011198,39.63708096307912,1.8181603603603604,2.337636636636637,3122.125,1.8564874208181572,85.41878490754121
B0005,264,discharge,1.5849430707374117,3.51803386486462,2.6479207279724903,4.200309982421394,-1.8311195242792309,-2.0163186530776205,0.0016912873756319,32.32889654966259,23.90454749592773,39.43977047692484,1.818188588588589,2.3432042042042043,3121.672,1.8564874208181572,85.3732189598637
B0005,266,discharge,1.5955263892495937,3.52368419553968,2.6741633856529066,4.201124089732316,-1.843279976491472,-2.016322017667326,0.0031344620126884,32.84488475360107,24.47294963967077,39.83902225625452,1.830189189189189,2.362888888888889,3120.86,1.8564874208181572,85.94329115068511
B0005,270,discharge,1.5747301747801037,3.519146638240668,2.6892528956736257,4.198150316653697,-1.829798505957538,-2.016058383461316,0.0022149158304022,32.31731555011648,23.81400684876703,39.41794949618613,1.817032628398792,2.3335438066465257,3103.828,1.8564874208181572,84.82309964083234
B0005,274,discharge,1.5649019950937946,3.516233648608237,2.688809122993162,4.198524048997099,-1.8236746835609148,-2.0176016183677974,0.0026959062866318,32.06376130177751,23.405971076202263,39.262781682151214,1.810447272727273,2.3186606060606056,3095.094,1.8564874208181572,84.29370312695895
B0005,278,discharge,1.5597659473370362,3.514773138461639,2.6743555987897745,4.198840869468569,-1.817672077021088,-2.018404141903304,0.0025925671672866,32.21997626855924,23.504268200620626,39.47237839941986,1.804478787878788,2.311333333333333,3095.781,1.8564874208181572,84.01704907053153
B0005,282,discharge,1.5594815668184234,3.5132992979150077,2.6430294964336345,4.198119631667182,-1.8179238657973995,-2.016777852675889,0.0015197601976623,32.7120225448885,23.98624197921992,40.03754146951368,1.804507272727273,2.3101333333333334,3094.328,1.8564874208181572,84.00173086716404
B0005,286,discharge,1.55468935359061,3.514484830704665,2.6584858447131823,4.198320288264955,-1.817160673909645,-2.019500858990014,0.0053758117379334,32.945022147355694,24.332016492731967,40.14273016201157,1.8038966565349543,2.3122826747720366,3086.531,1.8564874208181572,83.74359751414075
B0005,290,discharge,1.5488741079890418,3.5109677353595243,2.629782173759164,4.1980467610750285,-1.8110297241968545,-2.025028692484549,0.0012996959200754,32.857549597381336,24.210935532035016,40.1165626728546,1.797808510638298,2.3022006079027357,3085.625,1.8564874208181572,83.43035835418966
B0005,294,discharge,1.538236598942558,3.510935874957801,2.6622967647315545,4.199047008209673,-1.8094435644526072,-2.017188769565156,0.0036542472558787,32.629663328789654,24.000424305912805,39.87503330866132,1.7965100917431192,2.3006697247706422,3067.203,1.8564874208181572,82.85736718133293
B0005,298,discharge,1.527914258251028,3.509393098217416,2.682380966742509,4.197669918520713,-1.8026537331443493,-2.0203529496154493,0.0013741929346254,32.379859014262976,23.66809609847637,39.61961987024145,1.7897656441717793,2.2894785276073617,3058.157,1.8564874208181572,82.30135260370757
B0005,302,discharge,1.5285252629756445,3.5066782411556563,2.640189476892272,4.197600624105256,-1.8031542757366412,-2.016749317444538,0.0020536118932937,32.68215852457039,23.845674209557423,40.067324667444815,1.789872392638037,2.2886687116564417,3058.812,1.8564874208181572,82.33426447360578
B0005,306,discharge,1.522647325284378,3.510988562300809,2.693769409137257,4.197985718630326,-1.7965666438696486,-2.016964364118414,0.0022338210190657,32.99387423636739,24.23969113753901,40.24716716520102,1.7837294478527612,2.2833895705521474,3058.578,1.8564874208181572,82.01764839394089
B0005,310,discharge,1.5174859938489869,3.510305462695178,2.695787450704935,4.198164128530042,-1.7959771394311956,-2.017715447411052,0.0029663849324865,33.04539707211165,24.30453859448875,40.30253125568348,1.7830596923076925,2.281246153846154,3049.328,1.8564874208181572,81.73963242800902
B0005,313,discharge,1.605818899130659,3.5222215314850214,2.6920548172137724,4.222920057935785,-1.822916991757235,-2.017087516284557,0.0015450426899526,32.856295641052824,24.112523495131093,40.09418103142496,1.809638348082596,2.3254896755162244,3177.219,1.8564874208181572,86.49769888680268
B0005,316,discharge,1.5638491446744425,3.5163492154331264,2.629071246219689,4.200423045909808,-1.8294275689587536,-2.0177115857667665,0.0029495288044011,33.33950238056361,24.719311536144843,40.52238496316615,1.8160474164133744,2.3357933130699085,3082.937,1.8564874208181572,84.23699116610504
B0005,320,discharge,1.5480915247767786,3.5134397623234963,2.631343871050918,4.198372063670128,-1.816317296828028,-2.0160877086861952,0.0016903309192767,33.35156485472646,24.73538913848975,40.56886357314186,1.8032719512195123,2.309405487804878,3074.266,1.8564874208181572,83.38820438085877
B0005,324,discharge,1.5323755631868592,3.515137522009075,2.6983970036642315,4.198353213898968,-1.8033689952639715,-2.0174325692631547,0.0017335297510131,33.147486361012966,24.49414087755308,40.27804845768325,1.7904269113149849,2.293556574923547,3066.0,1.8564874208181572,82.5416615272049
B0005,328,discharge,1.5269528268489705,3.50830390643132,2.6338485871981514,4.197873789078739,-1.802670753119494,-2.017976023705107,0.0032014025687714,33.00727586174936,24.254986942423244,40.2921849196155,1.7898012269938652,2.286064417177914,3056.437,1.8564874208181572,82.24956494324319
B0005,332,discharge,1.5169573017136326,3.509190808443004,2.671566207861818,4.197955644238241,-1.7958941337499832,-2.016684455267326,0.0012207622759792,32.91990812745461,24.1488106351578,40.184384347174266,1.7830572307692307,2.276516923076923,3048.219,1.8564874208181572,81.7111543392579
B0005,336,discharge,1.511897596014269,3.5068097579555357,2.6540810507928123,4.197918434710392,-1.795344963527795,-2.0185074328810417,0.0027177292470912,32.99903328622305,24.205952380559676,40.320066232195046,1.7823969135802475,2.2788734567901234,3039.218,1.8564874208181572,81.43861246029738
B0005,340,discharge,1.5065638960681105,3.50609090727422,2.656849703962618,4.197739340034368,-1.7893518988259454,-2.0206154364574687,0.0029660267437679,33.03772281691292,24.228213693022468,40.33650561265159,1.776225925925926,2.269527777777778,3039.047,1.8564874208181572,81.15131183620761
B0005,344,discharge,1.5015453526671363,3.5037157727265957,2.6363048614501152,4.19785490446139,-1.7883879159763685,-2.017421211930756,0.0019690360203288,33.07740307192613,24.25745983903501,40.43267631588412,1.775512074303406,2.2710340557275543,3030.375,1.8564874208181572,80.88098717121404
B0005,348,discharge,1.4908444050400238,3.506747996136716,2.69951692300468,4.197306756122815,-1.7815447770741009,-2.0224772834102507,0.0027223693578794,33.05467981523988,24.228985806758885,40.314538591575015,1.7686285714285717,2.2619689440993787,3021.0,1.8564874208181572,80.30457886878685
B0005,352,discharge,1.485868384561201,3.5058813026542324,2.698216006032282,4.197528212001444,-1.775311564296696,-2.0179249554704706,0.0006217348755526,33.11570360624461,24.27409668200787,40.386661855917744,1.7624155279503109,2.252496894409938,3021.75,1.8564874208181572,80.0365447079828
B0005,356,discharge,1.480413677976106,3.504168333530808,2.6911707598773864,4.19743662221161,-1.7742377662318358,-2.018486701026112,0.0025745064118452,33.12942148982364,24.26045465629052,40.43384612547835,1.7616554517133955,2.250626168224299,3012.265,1.8564874208181572,79.74272604140162
B0005,360,discharge,1.4752095869031632,3.503056893147064,2.690162319231471,4.197717228550219,-1.773860289771637,-2.017202918759472,0.002304044135428,33.130681310493344,24.24695415512884,40.44479269068758,1.760918125,2.24684375,3002.641,1.8564874208181572,79.46240682056633
B0005,364,discharge,1.4859035988304024,3.4982324882487936,2.6355034454892072,4.192454851360723,-1.7809702419814517,-2.017032616337778,0.0013818757062667,33.20069210329718,24.337824191545764,40.58499656066617,1.7679538940809971,2.259598130841121,3012.0,1.8564874208181572,80.0384415303801
B0005,367,discharge,1.4960918298136696,3.5065859365661325,2.6594753656507684,4.202845001527377,-1.7879098523188452,-2.020648432189961,0.0037903464383519,33.78697527817091,25.05068794027295,40.99869158762305,1.77486397515528,2.279636645962733,3020.11,1.8564874208181572,80.58723226653156
B0005,371,discharge,1.4808005946928984,3.501457140697961,2.644554999824577,4.197952808231904,-1.780229415660985,-2.018056806197647,0.0029141195307161,33.673365085761986,24.845214918132577,40.997807625227495,1.7672093750000002,2.25706875,3002.172000000006,1.8564874208181572,79.76356737393388
B0005,375,discharge,1.4697543268466824,3.501658387162809,2.6719601666204564,4.198017952345714,-1.7731015168894209,-2.017916668624779,0.00078441654882,33.535818118317145,24.68293151974539,40.84213757482493,1.7602087774294677,2.244683385579937,2992.703,1.8564874208181572,79.16855834115802
B0005,379,discharge,1.4539012274845928,3.4966186408455298,2.6598211033173382,4.192162800008929,-1.7705879947441516,-2.027591717224413,0.0054462356427572,33.32269982188509,24.442107279152207,40.69012464267011,1.7579373417721518,2.236661392405064,2964.468,1.8564874208181572,78.31462853887025
B0005,383,discharge,1.454146206723569,3.4991645719433246,2.688360455508818,4.196993378341778,-1.7600629827474803,-2.017344770444764,0.0015596672777035,33.346230327490304,24.37516209951004,40.69938049882204,1.7469314465408807,2.223235849056604,2983.375,1.8564874208181572,78.32782438583529
B0005,387,discharge,1.455023751906683,3.496080777360074,2.6376728619288525,4.197603515102162,-1.765575132998529,-2.017072416845675,0.0026865938325838,33.64948900485925,24.70475717255037,41.06026204078849,1.7524485804416403,2.232750788643533,2975.297,1.8564874208181572,78.37509350133122
B0005,391,discharge,1.449042163761236,3.4959014526387997,2.645120521151077,4.196406678544622,-1.7588271887545277,-2.017938882324793,0.0031991265142638,33.79269513542102,24.85143118542252,41.19696040482682,1.7461230283911675,2.222328075709779,2974.9850000000006,1.8564874208181572,78.05289427291895
B0005,395,discharge,1.4386709371480566,3.49758697990267,2.698012437629632,4.197098662004674,-1.7516428147438297,-2.029098489464331,0.0037817943235626,33.52446663707275,24.582992198113057,40.84446688602949,1.738956962025317,2.211481012658228,2966.25,1.8564874208181572,77.49424644709049
B0005,399,discharge,1.433445432156979,3.4956989619989507,2.692894277298908,4.196909312093871,-1.7513097768253418,-2.025048878675005,0.0013123608369275,33.39042251934235,24.38167771883123,40.764203830749366,1.738196825396826,2.207726984126984,2956.359,1.8564874208181572,77.2127737620359
B0005,403,discharge,1.4333958900838095,3.492875380810072,2.6483923655058117,4.197105220217278,-1.7511840784846122,-2.0170494375017745,0.0017334904566314,33.67370212742761,24.640411065560848,41.11212504270441,1.7382063492063495,2.209780952380952,2956.344,1.8564874208181572,77.21010517012334
B0005,407,discharge,1.42806487344776,3.49551076423368,2.6832134764262,4.196244829545076,-1.7446206812145286,-2.017587381204539,0.0022931157457021,33.91080564765892,24.932873139487384,41.27256611507568,1.7318571428571432,2.203831746031746,2956.406,1.8564874208181572,76.92294908297355
B0005,411,discharge,1.4229203181741186,3.494233359045084,2.684960445221862,4.19680260180666,-1.7436362428649814,-2.0245398824990146,0.0014033494395084,33.7850680599871,24.80325379769347,41.15574924454392,1.7309961783439491,2.20003821656051,2947.266,1.8564874208181572,76.64583676775118
B0005,415,discharge,1.417429032731308,3.491197414255986,2.669922120529456,4.196227405416926,-1.7425325036061032,-2.01689808000431,0.0032832319808608,33.61126807392732,24.578577776974136,41.03237216951879,1.7301079872204477,2.192460063897764,2937.984,1.8564874208181572,76.35004777498813
B0005,419,discharge,1.412409228794446,3.488909408157624,2.664105530655056,4.196558172556389,-1.7419837011363046,-2.0197651300783948,0.0026192373361047,33.45598581472246,24.354940329833727,40.937269906716935,1.7292948717948724,2.18875,2929.125,1.8564874208181572,76.07965521102183
B0005,423,discharge,1.412578792940193,3.487376295811431,2.634098605983684,4.196870541112335,-1.7421680980861822,-2.018228083548545,0.0010338439367061,33.723267448788484,24.616751003686066,41.240704611971786,1.7293070512820516,2.1849006410256413,2928.454,1.8564874208181572,76.08878881159707
B0005,427,discharge,1.4075983731469897,3.491994243745711,2.68378702970616,4.196795527524874,-1.735841378420618,-2.0178512019397976,0.0022798019176169,34.050076369857344,25.01363389840176,41.43649987692296,1.7229128205128206,2.1879262820512824,2929.375,1.8564874208181572,75.82051768100096
B0005,431,discharge,1.4333920485221476,3.491585878898649,2.660031949282934,4.189287343772767,-1.7567879869499758,-2.017223089332264,0.0036040078454246,33.889346908026745,25.159494190646395,41.16703904201915,1.7437579617834391,2.228859872611465,2946.031,1.8564874208181572,77.20989824377314
B0005,433,discharge,1.4382550176792908,3.495576227046425,2.650011641082063,4.201144545237731,-1.7573176114092577,-2.0257290511470427,0.0022668920626443,34.067648550088656,25.21215090210571,41.36216559728765,1.744543492063492,2.230066666666666,2955.438,1.8564874208181572,77.47184287655713
B0005,437,discharge,1.4173547174485526,3.4938988589692483,2.6936969083341418,4.196925753814179,-1.7427628393326555,-2.01734921830549,0.0034196589413944,33.75168100943646,24.8439113089274,41.02198772703674,1.7301233226837065,2.205073482428115,2937.625,1.8564874208181572,76.34604477007024
B0005,441,discharge,1.406981663677643,3.49159162968384,2.697073130067154,4.196901090271507,-1.7352637407600366,-2.016959683770622,0.0025963216962809,33.46482299584788,24.47190444990649,40.78818812957494,1.722869871794872,2.188285256410256,2929.078,1.8564874208181572,75.7872985240904
B0005,445,discharge,1.4012037783587623,3.4885729299834787,2.6806995515145213,4.196688955833435,-1.7344350518111926,-2.0173176445033945,0.0020094191444747,33.40210697922146,24.335820690902352,40.81506138506309,1.721991639871383,2.1841414790996785,2918.375,1.8564874208181572,75.4760717819057
B0005,449,discharge,1.3967008232726328,3.4869021151089825,2.6695398084864568,4.196339302740304,-1.7280392046289716,-2.0174893103299003,0.0046477889906135,33.410688917712235,24.324432889352373,40.85837421987642,1.7155742765273314,2.175704180064309,2919.812,1.8564874208181572,75.23351936621819
B0005,453,discharge,1.391284788852726,3.4855485210036417,2.671695307817951,4.196181412764837,-1.7326888725308258,-2.0162082324346318,0.002291601393935,33.38984948261314,24.27764742305546,40.839876773287166,1.720211003236246,2.181197411003236,2900.422,1.8564874208181572,74.9417837821699
B0005,457,discharge,1.3862287677978349,3.4838912547260388,2.661289185949965,4.195770804194879,-1.7260735249920125,-2.01785516482798,0.0022764200332024,33.3700433438796,24.239023397259928,40.85376069244676,1.7137210355987056,2.170343042071197,2901.375,1.8564874208181572,74.66944037718939
B0005,461,discharge,1.3804366761974138,3.483198941484065,2.667817533540102,4.195456241846729,-1.7195393742714091,-2.01649929452358,0.0016756334707971,33.27215987470977,24.12349712975845,40.74795214258888,1.707247249190939,2.162854368932039,2901.187,1.8564874208181572,74.357448411315
B0005,465,discharge,1.3752364150256224,3.4836274447098883,2.684008069130594,4.19654355365607,-1.7185829844462923,-2.0162911974216766,0.0022384407354535,33.222444215660225,24.053006415445992,40.68794001196382,1.7063266233766237,2.160590909090909,2891.64,1.8564874208181572,74.07733548873459
B0005,469,discharge,1.3705128024895008,3.480172442538601,2.6585256208771644,4.194357133255019,-1.717672415155695,-2.016416530728208,0.0049133976681189,33.26207748383125,24.05808219537432,40.7810749453613,1.7053752442996744,2.155824104234528,2882.906,1.8564874208181572,73.82289732324249
B0005,473,discharge,1.37050855662704,3.478452148610975,2.6372250579822927,4.195863681881766,-1.7177080769362936,-2.01668335956764,0.0011794780565366,33.312029905516525,24.086387020526896,40.88159339768709,1.7053543973941372,2.1558631921824105,2883.265,1.8564874208181572,73.82266861916331
B0005,477,discharge,1.3647355108681518,3.4785782556105507,2.6514257735606432,4.19558455466442,-1.7109669363015376,-2.0156447128046424,0.002524948681905,33.25287943255863,24.008188700976785,40.81191473576834,1.6988234527687298,2.1491205211726383,2882.969,1.8564874208181572,73.51170256067292
B0005,481,discharge,1.375392016895762,3.4825195584604582,2.676384659108382,4.188483624251573,-1.7184206130755166,-2.015672372070857,0.0023505638634883,33.745054045019884,24.7195455297238,41.11793533148924,1.7063551948051954,2.1677142857142857,2891.656,1.8564874208181572,74.08571700903983
B0005,483,discharge,1.3861115151535393,3.4886823636752826,2.694913850281781,4.200346502821317,-1.7260471943596487,-2.01575998810726,0.0021180176276842,33.88841975386692,24.843079939814476,41.248795355864885,1.7137249190938513,2.1825533980582525,2901.25,1.8564874208181572,74.6631245442362
B0005,485,discharge,1.369850003583894,3.4858502383832755,2.6973343716306277,4.1981749992980655,-1.712021613408506,-2.016014837696764,0.0015018865835744,33.7353756996425,24.576580515525823,41.16242984455477,1.6998305194805197,2.155737012987013,2891.703,1.8564874208181572,73.78719555127385
B0005,489,discharge,1.3647827949260758,3.478794177297151,2.642540259937964,4.195715092938243,-1.711022510206629,-2.0165238233233063,0.0014907630238953,33.59131052719714,24.340286688400784,41.16437554618679,1.698824104234528,2.148319218241043,2883.016,1.8564874208181572,73.5142495242232
B0005,493,discharge,1.3543220466259964,3.4812826020756744,2.699226257883075,4.195755769877104,-1.703421414006958,-2.0182163733141314,0.0029819941842475,33.32366688599416,24.03013803682012,40.86421618020504,1.6913673202614383,2.1372908496732026,2873.453,1.8564874208181572,72.95077959801873
B0005,497,discharge,1.3546417018378962,3.480352041587074,2.676480329780849,4.195911764444989,-1.703574708739156,-2.016150778973011,0.0015383602403595,33.691961507697364,24.39265860056665,41.25434553511566,1.691388235294118,2.1406960784313727,2874.031,1.8564874208181572,72.96799787853683
B0005,501,discharge,1.354703921319241,3.4781127815565127,2.642142168479886,4.195824004004723,-1.7034912994217155,-2.0176181286216197,0.0030940952671648,33.887639684793655,24.647812199908287,41.45023191903855,1.6913130718954248,2.1409869281045752,2874.234,1.8564874208181572,72.97134934112404
B0005,505,discharge,1.349314997503458,3.4765867130506125,2.644725254926797,4.196258226051591,-1.7023383270190764,-2.017297732143782,0.0056941514906116,33.67308060941856,24.39982529977077,41.27708509224051,1.690285901639344,2.1371901639344264,2864.984,1.8564874208181572,72.68107407422197
B0005,509,discharge,1.3441891937970554,3.4733769291841643,2.632270655366611,4.196612664794988,-1.7014238498912502,-2.017223266913469,0.0031481012336326,33.411988203265814,24.071743981632668,41.06460515498328,1.6892256578947369,2.13266447368421,2855.093,1.8564874208181572,72.40497181525038
B0005,513,discharge,1.3389913790695755,3.4726366397371127,2.639100611887612,4.195850781215982,-1.6950436046971955,-2.0197342717689364,0.0017629793721903,33.29926524979532,23.873389284419225,40.99284868101728,1.682721710526316,2.1191578947368424,2855.625,1.8564874208181572,72.12499067079483
B0005,517,discharge,1.3389145230206971,3.473439372740961,2.637841830893275,4.196002392961924,-1.695057731610264,-2.016896104476736,0.0050093924911675,33.59980731390034,24.168977704033605,41.29040553417739,1.6827921052631585,2.1207006578947367,2855.594,1.8564874208181572,72.12085080709221
B0005,521,discharge,1.3340066759761655,3.4754777099091454,2.668286095904868,4.196207586734141,-1.6937809113323188,-2.0199925086996786,0.0025365511428236,33.61961195858585,24.28428480579148,41.22740227746052,1.6816818481848186,2.119993399339934,2847.437,1.8564874208181572,71.85648881952922
B0005,525,discharge,1.3286444309174914,3.4722884821666766,2.649019812683856,4.195534582569042,-1.6869434054016963,-2.016745074407458,0.0028787153794497,33.3945201718652,24.00593985304127,41.04619550953222,1.6750389438943896,2.112346534653465,2847.36,1.8564874208181572,71.56765060826297
B0005,529,discharge,1.323170899227622,3.471373665098864,2.664058512378051,4.1957439573980455,-1.6860649112944592,-2.0163628111205263,0.0042700685649877,33.16734508187535,23.715060546682704,40.85874389007758,1.6739410596026492,2.1077582781456954,2837.328,1.8564874208181572,71.2728179243196
B0005,533,discharge,1.3181691588445197,3.472616016287509,2.6883611693898826,4.19586805747139,-1.6795829780331424,-2.016212123867104,0.0023204014455349,33.10962161613893,23.56356159483333,40.79196924883506,1.6674006622516555,2.096390728476821,2837.281,1.8564874208181572,71.00339835664495
B0005,537,discharge,1.3184664436640334,3.4738146874457896,2.6869753836302124,4.195347750909715,-1.679793840292355,-2.0168197393548124,0.0041697279349171,33.46501751186519,23.955208980751504,41.14127834456325,1.6674417218543047,2.098129139072848,2838.515,1.8564874208181572,71.01941165230105
B0005,541,discharge,1.318293040102702,3.4701426486639693,2.6507536817766586,4.196065828878837,-1.6851739865098712,-2.0187637742643867,0.0033179608221933,33.4426191014044,23.967802824849823,41.14429319149828,1.6729408637873755,2.104328903654485,2828.328,1.8564874208181572,71.01007124097441
B0005,545,discharge,1.323872422244268,3.467523652225441,2.664632278910652,4.184534803011309,-1.686381203630258,-2.016191969154752,0.0021406905839278,33.037928170775885,23.58968747789601,40.66184230912503,1.6740403973509934,2.106877483443709,2838.265,1.8564874208181572,71.3106055768929
B0005,548,discharge,1.3601216766554785,3.476752584083925,2.6400211837268666,4.201240476440081,-1.715777469309528,-2.021651287065962,0.0028823561171506,33.4949493613756,24.237681569505877,41.04669454497069,1.7034465573770496,2.152160655737705,2864.547,1.8564874208181572,73.26317762261327
B0005,552,discharge,1.3395306867947354,3.4758956827369127,2.674198661305034,4.195703567262997,-1.7007216920098716,-2.017592416950431,0.0024155477323689,33.491363029025784,24.167374158398008,41.0462053156659,1.6882508250825083,2.124267326732673,2846.39,1.8564874208181572,72.15404057003532
B0005,556,discharge,1.3290286565120697,3.475812179626641,2.696427051131168,4.195744519551191,-1.6928138295817332,-2.0171105982760715,0.0040085795198053,33.329808599922345,23.98739486311109,40.8683026432256,1.6805913907284769,2.1110662251655627,2837.969,1.8564874208181572,71.58834698305495
B0005,560,discharge,1.3236741274998955,3.4746554404904435,2.692834029769684,4.196363050482315,-1.6861104874993165,-2.0165753451036377,0.0036169899531147,33.27302769298771,23.87546148452671,40.85283588259973,1.6739662251655631,2.099188741721854,2838.156,1.8564874208181572,71.29992439790139
B0005,564,discharge,1.318633896753293,3.472301781313945,2.681747855329962,4.1957929878569455,-1.685043785043406,-2.0157688095228656,0.0028522205733032,33.229879126701434,23.800482246729,40.85270645265791,1.6728817275747505,2.093039867109635,2829.843,1.8564874208181572,71.02843154047167
B0005,568,discharge,1.3134751321324272,3.4729305773503527,2.696791414385091,4.195797286482793,-1.678524839793589,-2.016274841649268,0.0012910201456034,33.20860833999321,23.75244046991811,40.8263251809212,1.6662524916943522,2.085581395348837,2829.625,1.8564874208181572,70.75055383642602
B0005,572,discharge,1.3132020634442203,3.4696192030612285,2.664695973142795,4.196349384378125,-1.6839115230941766,-2.016821101865832,0.0042895806992014,33.236115055926255,23.77068333600904,40.90308836809665,1.671814,2.0900600000000003,2819.437,1.8564874208181572,70.73584494666221
B0005,576,discharge,1.3077959946944353,3.470018470757559,2.679191623358613,4.195609431921248,-1.6773783325850855,-2.01659334421236,0.0019608791198133,33.18660088296571,23.69874029857621,40.84337405460518,1.665160666666667,2.08167,2819.579,1.8564874208181572,70.44464616507271
B0005,580,discharge,1.3030329186405918,3.470762691935287,2.699983457940659,4.195339917236225,-1.676425373206175,-2.018075144841628,0.0018902843294412,33.174058099115534,23.681325932299053,40.81792110626284,1.664084949832776,2.0771438127090303,2810.672,1.8564874208181572,70.18808229071345
B0005,584,discharge,1.3033573559038203,3.468111467035994,2.666300786624286,4.19540205700612,-1.67627880896028,-2.018091528339797,0.0024103529115243,33.253984518546055,23.748579260944844,40.94699384765951,1.664084949832776,2.0771337792642144,2811.485,1.8564874208181572,70.20555815721221
B0005,588,discharge,1.3034100438655642,3.4648625780221494,2.630850137384784,4.195685302232799,-1.6817992883033976,-2.0177167019715503,0.0043239362691777,33.3198093248819,23.789078897860136,41.07493805830632,1.669631543624161,2.0838758389261742,2802.422,1.8564874208181572,70.20839620292979
B0005,592,discharge,1.2978870806495706,3.467864133752208,2.673348140468748,4.195561297751176,-1.6750812261110135,-2.0160479224870884,0.0021385267941699,33.33765795318198,23.827460066666998,41.02476444658572,1.6628946308724832,2.0770704697986577,2801.625,1.8564874208181572,69.91090088170861
B0005,596,discharge,1.2980735056918902,3.464021404592563,2.632763831012711,4.196066962029683,-1.675366426273468,-2.017067096348242,0.0014821450901276,33.29076744042025,23.738230385656276,41.06214198725253,1.6628986577181208,2.073318791946309,2802.031,1.8564874208181572,69.92094269724849
B0005,600,discharge,1.293463613844243,3.4664623858156745,2.6687371180046218,4.196640912532072,-1.6744879201095209,-2.018208092691312,0.001664565598057,33.27568841807217,23.73611267134457,40.98366325567302,1.6617986531986533,2.07316835016835,2793.39,1.8564874208181572,69.67263011532884
B0005,604,discharge,1.288003392619118,3.46850906693551,2.696396337945361,4.1956235749123225,-1.6674467270234996,-2.018933300007017,0.002688419180445,33.32067807371405,23.80026564355092,40.98234242711097,1.6550861952861953,2.064188552188552,2793.39,1.8564874208181572,69.37851440175623
B0005,608,discharge,1.2874525221379407,3.466806213058136,2.6794834862925194,4.195862008850563,-1.6674702882406252,-2.023790681896976,0.0026918488897051,33.37314972896719,23.849121770252687,41.06375085817118,1.65510303030303,2.062717171717172,2792.485,1.8564874208181572,69.34884167276276
B0005,612,discharge,1.3090153642307354,3.471070722008039,2.6787137407179737,4.18482689434833,-1.6888978346592105,-2.017308526034403,0.0013355993263935,33.71351889594897,24.92195746617458,41.047029587744966,1.6764295302013426,2.107459731543624,2802.016,1.8564874208181572,70.5103277055252
B0005,614,discharge,1.3250793286429356,3.475472204020004,2.655378369801326,4.201968615940368,-1.6979281889133206,-2.017696449416675,0.0033069171348786,33.86531768239223,25.09329713312876,41.051007697556734,1.6852640000000003,2.12023,2820.39,1.8564874208181572,71.37561578838874
B0006,2,discharge,2.035337591005598,3.556946061827572,2.4757677568281857,4.179823027658306,-1.990533350635129,-2.015537581193984,0.0004337624657511,32.14277785992152,24.27707330832413,39.16298653238707,-1.9788233502538075,2.650081218274112,3690.234,2.035337591005598,100.0
B0006,4,discharge,2.025140246031412,3.56147580138708,2.35152551190002,4.177288238505559,-1.990277542145709,-2.0149020169266376,-0.0002076460832787,32.29307515705474,24.63823886086074,39.2462026826329,-1.9786683673469383,2.655775510204082,3672.344,2.035337591005598,99.49898508143076
B0006,6,discharge,2.013326371345464,3.566752469641321,2.440479715106544,4.1781213228923,-1.9899467848963857,-2.014434345552428,-0.0006575492150127,32.24414709253608,24.704057719023776,38.999202460252846,-1.9785333333333333,2.6617999999999995,3651.641,2.035337591005598,98.91854698908898
B0006,8,discharge,2.0132846655407413,3.5687953371516272,2.479155853900392,4.1785623580417175,-1.989600928209944,-2.0142051662535234,0.0001981188152475,32.14711742429942,24.648384924528084,38.84362777186652,-1.9784103092783505,2.6641443298969074,3631.563,2.035337591005598,98.91649790372313
B0006,10,discharge,2.000528337624771,3.563970503289941,2.280187848173442,4.17824995156942,-1.98954836065757,-2.013995769332238,-0.0011423311186216,32.06687277315468,24.634206199911688,38.97798888258284,-1.9784381443298968,2.659417525773196,3629.172,2.035337591005598,98.28975529491258
B0006,12,discharge,2.0138990759931645,3.5735512387791406,2.4392842568466446,4.193216523251186,-1.9901040351037365,-2.0151519685741275,-0.0015410535505561,32.03447836207717,24.34339960435996,38.83989920742278,-1.9786574358974365,2.6672923076923074,3652.281,2.035337591005598,98.9466850557287
B0006,14,discharge,2.013101105626967,3.5711391343785897,2.2812068449406446,4.193732603145628,-1.9900886222380367,-2.0145081864690626,-0.003149094123493,32.11157496697372,24.43094638944468,39.04610837498471,-1.9786112820512824,2.6654256410256414,3650.828,2.035337591005598,98.907479256665
B0006,16,discharge,1.96878982627284,3.568150746216304,2.366410527029613,4.176826628115461,-1.9891170520197208,-2.0146816699579064,-0.0008455879137331,32.112576242471775,24.65043547143169,38.87507521022778,-1.9781267015706805,2.662795811518324,3572.453,2.035337591005598,96.73038197560736
B0006,18,discharge,1.9681661764334244,3.569283415581244,2.436020049578708,4.176369138969733,-1.9892116643905464,-2.015071955488147,-0.0009662247647393,32.03566207329278,24.564976908542672,38.7260539826455,-1.9779873684210525,2.6642578947368416,3550.594,2.035337591005598,96.69974087497759
B0006,20,discharge,1.9572307917560536,3.563388513484579,2.1864377487643725,4.176897989902666,-1.989191243247005,-2.0155176072270926,0.0001388226084139,31.99527968872302,24.515019617858613,38.98629728904917,-1.977964210526316,2.6590000000000003,3551.25,2.035337591005598,96.16246466459876
B0006,22,discharge,1.9455991514129352,3.566658719765511,2.3406023605912454,4.177579509962451,-1.9891317699701736,-2.014079047237871,-0.0021060459646946,31.874127571841356,24.40648205159496,38.65978861919643,-1.977943915343916,2.660603174603174,3530.25,2.035337591005598,95.59098009149795
B0006,25,discharge,1.934750504484113,3.568703597012284,2.4263021374140443,4.177996110793395,-1.9887805507702208,-2.0134697854511865,-0.0009907853602489,32.120959708576166,24.666067568688486,38.84979195732924,-1.977655614973262,2.662352941176471,3491.016,2.035337591005598,95.05796547137972
B0006,27,discharge,1.9232799539368028,3.569207084156356,2.475369770000704,4.176316409477926,-1.9887320866401277,-2.0148749194363664,-0.0003236492635691,32.11021168908644,24.81910585902456,38.75128344015104,-1.9775182795698925,2.6636182795698926,3470.281,2.035337591005598,94.49439554578115
B0006,29,discharge,1.911889930948487,3.5659271296109383,2.342364523655007,4.177992455010172,-1.9887200290368636,-2.0144081790374893,-0.0004261867664927,31.989061278918157,24.627666776864352,38.76853764058789,-1.977513978494624,2.6609301075268816,3470.0,2.035337591005598,93.93478209204011
B0006,31,discharge,1.9010667141979305,3.561241727064949,2.188400081882664,4.177439981618572,-1.9887874042287876,-2.014472686005532,-0.0010580730504302,31.87881444863544,24.450913129560718,38.84686112344348,-1.977388108108108,2.656816216216216,3450.297,2.035337591005598,93.40301690486008
B0006,33,discharge,1.8891989948061456,3.557881987836072,2.1206980945954057,4.17561570814845,-1.98859108959304,-2.0146756268214814,-0.0037766213378683,31.7674507110244,24.26604433063594,38.8658897816528,-1.977279347826087,2.653130434782609,3429.407,2.035337591005598,92.81993331989462
B0006,35,discharge,1.878278372248849,3.56282437243777,2.369981457799298,4.177602520456299,-1.9884892463229664,-2.015931347705288,0.0009547908042232,31.78991634963658,24.34725293029431,38.647578733807656,-1.9771781420765029,2.657338797814208,3409.484,2.035337591005598,92.2833824005014
B0006,37,discharge,1.8675697161520208,3.559195328016864,2.247991649924625,4.176354539745044,-1.9883474274444877,-2.01432419683381,0.0003362560415229,31.82883467218067,24.38027426491721,38.79218188173866,-1.9770472527472525,2.6534615384615385,3390.422,2.035337591005598,91.75724579573613
B0006,39,discharge,1.8675892574453767,3.5580906165580983,2.4115317107898875,4.177450270459645,-1.9774549866256104,-2.015920256743369,-0.0022772410696178,31.890449470827843,24.455293448252306,38.77022223929529,-1.9660538461538464,2.6421263736263736,3390.281,2.035337591005598,91.75820589657847
B0006,42,discharge,1.979626548250818,3.565899462157853,2.203355846859377,4.174584178175673,-1.9892347833261184,-2.0202081897757225,0.000974138023539,31.51177053595285,24.511611712923585,37.54320599748628,-1.97821875,2.6565104166666664,3591.734,2.035337591005598,97.26281070025072
B0006,46,discharge,1.9575499080884025,3.570814209348872,2.35887751155593,4.175224020262452,-1.9890474874073767,-2.014116181004981,-0.0003149484747221,31.874488497680712,24.910587532937,37.90362577530197,-1.9779547368421049,2.662689473684211,3552.297,2.035337591005598,96.17814345585968
B0006,50,discharge,1.9458150170787551,3.5666817833633124,2.218672914041916,4.177217300859919,-1.988682950523383,-2.014039356997488,-0.0012008977604898,31.53911453638972,24.56766501155013,37.6701605139887,-1.9778169312169307,2.660365079365079,3531.578,2.035337591005598,95.6015859814876
B0006,54,discharge,1.9242461121680092,3.566839274502584,2.339723057947995,4.176681511062203,-1.9885447318884863,-2.014851230713757,0.0005293257555654,31.220866832188783,24.224319222372547,37.34166959188387,-1.977594652406417,2.659668449197861,3492.907,2.035337591005598,94.54186473396278
B0006,58,discharge,1.945981133142164,3.571051969392875,2.399750820894273,4.190384318239257,-1.9885639445355097,-2.013606338093071,-0.0023840361465472,31.119005145018026,24.029961629396936,37.28979017254232,-1.977675531914893,2.663840425531915,3511.594,2.035337591005598,95.60974757905957
B0006,62,discharge,1.901407930553079,3.5666308474029798,2.491410879472442,4.176973413125379,-1.9880563928902784,-2.014324216253238,-0.0016423681986834,31.03324407815673,24.015743593007038,37.16794481484507,-1.9772206521739129,2.6591521739130437,3431.9370000000054,2.035337591005598,93.41978151219875
B0006,66,discharge,1.878674213680085,3.552739224085492,2.1387303309558976,4.173452155236546,-1.9772969675547487,-2.0138293357975146,-0.0013483637694533,31.001249222460967,23.89771458163466,37.51577848501052,-1.9663858695652172,2.636086956521739,3431.125,2.035337591005598,92.3028308415357
B0006,70,discharge,1.8683061328264217,3.556095975504661,2.346064498302046,4.1764585468168685,-1.9771693646864963,-2.022139165928567,-0.0002601209110219,30.92143474404136,23.81688709830912,37.24165964092258,-1.966187978142076,2.63872131147541,3412.406,2.035337591005598,91.79342734506018
B0006,74,discharge,1.8560244070083,3.5504500858303394,2.327337743316428,4.17626102066065,-1.9660385076397235,-2.019521715890847,0.0002252111894657,30.92936024820721,23.762584263292904,37.27233216178077,-1.9552841530054643,2.620950819672131,3410.688,2.035337591005598,91.19000283836428
B0006,78,discharge,1.8451997961855775,3.546007083640312,2.486311723336632,4.172855540858831,-1.9445990482746272,-2.0145859231710013,0.0012030807811573,31.00810965793079,23.77382410040801,37.2071345030198,-1.9334426229508197,2.5915628415300547,3410.718,2.035337591005598,90.65816915777204
B0006,82,discharge,1.857228890885317,3.554257954720065,2.292166351092089,4.188187801734904,-1.9769156942357176,-2.01454229289152,0.0017843402447845,30.96779499306422,23.756892194026197,37.49607769896255,-1.966032967032967,2.635472527472527,3392.719,2.035337591005598,91.24918141799353
B0006,86,discharge,1.9247760889090637,3.555857469677978,2.434300686181212,4.189991619197343,-1.9997552547832569,-2.015096988943597,-0.0027900265773602,31.10097217303459,23.74029655014346,37.25007396118109,1.988290026954178,2.647320754716981,3470.672,2.035337591005598,94.56790349742869
B0006,90,discharge,1.8822317526092551,3.5537306734803207,2.472619908000758,4.186982490201218,-1.9884344406296768,-2.0246589334484746,0.0002199461690219,31.307368922041046,24.18583594954418,37.39699052067588,1.9771358904109588,2.633427397260274,3414.109,2.035337591005598,92.47761948322794
B0006,94,discharge,1.855276687885587,3.5452650003621518,2.403422072720937,4.186483106541616,-1.9771310999966945,-2.014540253971324,-0.0013831277471471,31.13133998716456,23.96227406279053,37.2852066420257,1.965976859504132,2.615388429752066,3395.219,2.035337591005598,91.15326597829659
B0006,98,discharge,1.839250891718188,3.538408778928339,2.4006679782182205,4.187721936001791,-1.965705768920947,-2.01409107585058,0.001159493985813,30.82871377910505,23.520157783193987,37.080390421974414,1.9548204419889503,2.597480662983425,3386.0,2.035337591005598,90.36588818710268
B0006,102,discharge,1.8185396073994429,3.529768831133268,2.3194299432177345,4.184171356892756,-1.9542494702422435,-2.0132183154407977,0.0012199865224596,30.761533072057244,23.52943289153009,36.98024266357476,1.9434838888888888,2.5765,3368.187,2.035337591005598,89.34830346748316
B0006,106,discharge,1.8134770059567056,3.53006768404233,2.340173173498008,4.186779863144672,-1.9490605727432448,-2.014277570695985,0.0007126137257657,31.30305692941581,23.947667716448013,37.59874124546701,1.9379655555555555,2.567927777777778,3368.266,2.035337591005598,89.09956824708976
B0006,110,discharge,1.7971018450305436,3.5248882875629555,2.382960351080877,4.186482965601712,-1.9373547119632697,-2.014866249205715,0.0010041973417186,31.06432144678013,23.724670891624807,37.33680914521836,1.926603899721448,2.5514401114206127,3358.719,2.035337591005598,88.29502550201761
B0006,114,discharge,1.7810046294120476,3.5190926887152725,2.351855540704836,4.184741677172267,-1.931260408871348,-2.014036681172477,0.000927975516279,30.96654665282149,23.509674105704786,37.39499820465976,1.9205871148459384,2.539901960784314,3339.5,2.035337591005598,87.50413873759919
B0006,118,discharge,1.7710130422682329,3.5151810230271,2.3535104841115886,4.186114015167315,-1.925413982519257,-2.013562007420154,0.0004104562259902,30.82645569799297,23.239016261869025,37.35233964342659,1.9147432584269664,2.527817415730337,3331.265,2.035337591005598,87.01323309187394
B0006,122,discharge,1.7604712448170945,3.514029112834162,2.3948058223938364,4.186378094589789,-1.9198444871883995,-2.0146073733834746,0.000933218792395,31.080769482413952,23.40832459139638,37.58677381866742,1.9089329577464789,2.5166197183098595,3321.188,2.035337591005598,86.4952945691579
B0006,126,discharge,1.7502913788006589,3.514139684003936,2.4418858444380294,4.185742966026202,-1.908733158939213,-2.0156412315711094,0.0014623495361316,31.694287817425337,23.99387524361192,38.20704456989348,1.897734647887324,2.503783098591549,3321.844,2.035337591005598,85.99513842496731
B0006,130,discharge,1.7394925037732578,3.509578354212467,2.391848815367812,4.18499542353586,-1.90276801874341,-2.014135597110891,-0.0009765358148676,31.875581783696685,24.22249363678538,38.340431886092745,1.891758192090396,2.492796610169491,3311.828,2.035337591005598,85.46456919285944
B0006,134,discharge,1.7546766553637203,3.5110708693292705,2.3166154227865463,4.175622772952551,-1.909324756651121,-2.013918427729744,0.0005605769329787,31.543288143901563,23.93160080766445,38.521539672721865,-1.8985675977653635,2.512284916201117,3327.391,2.035337591005598,86.21059538809914
B0006,136,discharge,1.7659390941842177,3.5159179315855056,2.4110989960643794,4.191704957733779,-1.9306372167933323,-2.0164764928559697,0.0006125224393033,31.420983409991024,23.80004225730534,38.03707160241571,1.9199203389830508,2.5359519774011297,3312.078,2.035337591005598,86.76394038945261
B0006,140,discharge,1.7337887419624838,3.50585340727078,2.4510125175432287,4.185468369564667,-1.907114151507875,-2.014424639912736,0.0007263099562474,31.15837149963786,23.32504476677704,37.9342856877206,1.8967727272727275,2.4963892045454545,3293.172,2.035337591005598,85.18433254632082
B0006,144,discharge,1.713325912040734,3.5010379345914444,2.471216186082459,4.184201889006967,-1.8953541357988333,-2.013684034338365,0.0006105952606363,31.15661421699882,23.22751550921504,37.88470784051604,1.8847577142857144,2.4762742857142857,3275.328,2.035337591005598,84.17895486292434
B0006,148,discharge,1.7024077813673466,3.497407662636496,2.470968641396993,4.185838836583766,-1.8892713805954209,-2.015243276008703,0.0013481309742365,31.206611383963253,23.20127236203539,38.065368726791895,1.87872893982808,2.463630372492837,3265.016,2.035337591005598,83.64252637451848
B0006,150,discharge,1.82371946178183,3.5388872766749144,2.4288023941361625,4.1729165619005535,-1.9819359924929796,-2.014822027548639,0.0008839578040008,33.61169282822636,26.602945710082057,39.788440481350335,1.9711168539325847,2.6103202247191013,3328.937,2.035337591005598,89.60279954741002
B0006,154,discharge,1.8081284050314708,3.5327430295356828,2.3551430866643166,4.186982012423103,-1.9653277079992453,-2.014147642384201,0.0013785124508379,32.85630077141311,25.5878756709222,39.21290317800791,1.9542286516853935,2.586707865168539,3329.266,2.035337591005598,88.83678132914206
B0006,158,discharge,1.7757610945034283,3.521214759733266,2.365933525789291,4.186537777937825,-1.9470636598230844,-2.013545732341586,0.0013469218858249,32.210981559158874,24.78851122180796,38.66937823121345,1.936715014164306,2.5573767705382435,3301.579,2.035337591005598,87.246513912519
B0006,162,discharge,1.7447409841836798,3.509311143950668,2.3481961394586457,4.182282350256796,-1.9241628426386397,-2.0143501433980724,0.0011884652184539,31.965090081650278,24.29903895658481,38.5170065164806,1.913577207977208,2.519803418803419,3283.563,2.035337591005598,85.72243699983238
B0006,166,discharge,1.729207034132373,3.50716091973708,2.46945948630322,4.185961817428056,-1.912447043935375,-2.013955993405398,0.0023455920246722,31.744801840189535,23.98489574710264,38.29250529949152,1.9018851428571424,2.502922857142857,3275.125,2.035337591005598,84.95922454210778
B0006,170,discharge,1.7081086552553244,3.500928918686389,2.4666715880697576,4.1836566973224585,-1.8950209973545984,-2.0143598768040447,0.0008097171102984,31.876564068962463,23.99541497188152,38.52091685291118,1.8844647564469912,2.4735787965616045,3265.656,2.035337591005598,83.92262113192731
B0006,174,discharge,1.6975954237461768,3.4973019898820894,2.448293126278513,4.184390004467988,-1.883708243517891,-2.0146981664689427,2.3587764193591595e-05,32.24289319481841,24.295032488841088,38.95436345473558,1.87303553008596,2.455965616045845,3266.093,2.035337591005598,83.40608610817466
B0006,178,discharge,1.6820634524029463,3.492903830118716,2.4745215382882586,4.184732708741646,-1.8716651994380051,-2.0150505202774576,0.0028840576269616,32.07305565938816,24.10547107270791,38.73136385469604,1.8611735632183908,2.437537356321839,3257.594,2.035337591005598,82.64297086813447
B0006,182,discharge,1.6714768322295086,3.488659224822318,2.469127855241356,4.185835940524748,-1.8654809345089407,-2.016431910751689,0.0008062258329325,32.0301409298912,23.97620032331416,38.74827601131975,1.855014985590778,2.426706051873199,3248.593,2.035337591005598,82.1228301199745
B0006,186,discharge,1.6607591387047655,3.482293080477401,2.4177173347922416,4.185703389994729,-1.8592903578576,-2.013961242413253,0.0013000288987228,31.984935871368258,23.819965773306656,38.84227056628921,1.8488052023121384,2.411560693641619,3238.766,2.035337591005598,81.59624948921793
B0006,190,discharge,1.651121015038069,3.477575664197982,2.3775131079338427,4.184887437252902,-1.848156298789804,-2.0142789765419598,3.3324869557570366e-05,32.23677365476226,23.938135747847078,39.22138199620832,1.8373369942196536,2.391008670520231,3240.14,2.035337591005598,81.12271017518528
B0006,194,discharge,1.640134925619093,3.478743650648925,2.443723814618984,4.1845671326128535,-1.841574247353844,-2.0170700253976435,0.0008339594777993,32.56097148037261,24.442914706328597,39.46651089916252,1.8310591304347827,2.3845739130434787,3230.109,2.035337591005598,80.58294274458679
B0006,198,discharge,1.629199941616544,3.4740152461288862,2.4324278256917147,4.184590722398005,-1.8297533943331723,-2.0153270924031044,0.0022672987245563,32.48984985901219,24.244880453394085,39.352653481724175,1.8194347826086956,2.3673565217391306,3229.7810000000027,2.035337591005598,80.04568622012263
B0006,202,discharge,1.6088496302961666,3.4718387718772696,2.494085641889116,4.181227276564003,-1.8170860697729956,-2.0264444143525524,0.0025875856512713,32.42612199208859,24.11448837545242,39.31890647034385,1.80672361516035,2.3472215743440232,3212.469,2.035337591005598,79.04583678923177
B0006,206,discharge,1.6035244898969248,3.463180130644551,2.382347172890769,4.182601669503782,-1.8111560774496664,-2.014269976996697,0.0017194503246426,32.29984271249387,23.92892683205548,39.47196886600465,1.8008793002915455,2.332833819241982,3213.219,2.035337591005598,78.78420253146665
B0006,210,discharge,1.5989712144027983,3.463469391967206,2.406668297987779,4.183991041340736,-1.8113056300795984,-2.0248983473305704,0.0007053447084269,32.610757585145336,24.06213313647768,39.74009698783903,1.8004222222222224,2.330254385964912,3203.578,2.035337591005598,78.56049146190021
B0006,214,discharge,1.5876273123575604,3.46021805164007,2.4204142690378765,4.182425008087469,-1.803802475704306,-2.0134062122749032,0.0003711699027851,32.25699351958767,24.42380807187004,39.03600072360686,1.7938815249266864,2.320041055718475,3195.125,2.035337591005598,78.0031440176547
B0006,216,discharge,1.5829719744686166,3.462574876665621,2.4507845245525197,4.190985194174346,-1.7982439953659044,-2.014898941623113,0.001011704895855,32.47193402838835,24.29784270606684,39.16106395962828,1.788001759530792,2.3176920821114373,3195.312999999994,2.035337591005598,77.77441842886215
B0006,220,discharge,1.567137636713563,3.4537077937586056,2.393032881923072,4.181860480163402,-1.7857963808615818,-2.014097659688176,0.0007636707747866,32.40219271195366,24.115666972211724,39.20051799483514,1.7756188235294117,2.2912088235294115,3186.297,2.035337591005598,76.99644735295674
B0006,224,discharge,1.5613446139713882,3.4514035349888337,2.3938995980718403,4.183449364094532,-1.7850748194527644,-2.01648199199959,0.0005527600059578,32.30987415652578,23.949350638183297,39.15878418316098,1.7749634218289088,2.285702064896755,3176.438,2.035337591005598,76.71182514739364
B0006,228,discharge,1.551171189279042,3.450781146333252,2.4373294683003053,4.182943907496545,-1.7785916660457872,-2.014359351341952,-9.517952000869488e-05,32.35440526839345,23.94684852697399,39.18225956809825,1.7684142011834325,2.27503550295858,3167.593,2.035337591005598,76.2119854776846
B0006,232,discharge,1.5406741606295171,3.446105572450592,2.3705330061374523,4.182592999177517,-1.7727874712030285,-2.016181081460114,0.00150486520794,32.4731363791227,24.029360363522056,39.38159156766375,1.7625065088757397,2.2648757396449706,3167.719,2.035337591005598,75.69624653118686
B0006,236,discharge,1.5253138744624433,3.4418152533277144,2.351294851260762,4.177556435498103,-1.7601807681971695,-2.0224281819207026,0.0044825272319085,32.52334649341759,24.054796737761627,39.44712875501599,1.74993234421365,2.2442967359050443,3159.077999999994,2.035337591005598,74.94156650980108
B0006,240,discharge,1.5301570318067428,3.445008015985666,2.436845595522602,4.183199732433941,-1.76530278835697,-2.015670909853089,0.0010131499204386,32.518264823491045,24.004853828853747,39.40950590627068,1.7551404761904763,2.251517857142857,3148.829,2.035337591005598,75.17952002501654
B0006,244,discharge,1.524656683447409,3.441164687975023,2.39030487147494,4.183585552184287,-1.7593486488770236,-2.0154336980599203,0.0029393579553847,32.5437072434024,23.98676553992143,39.48443326993031,1.7491755952380952,2.2415565476190475,3149.094,2.035337591005598,74.90927746753415
B0006,248,discharge,1.5145492986655429,3.443620591429828,2.4892160721496315,4.183170360974043,-1.752616789873766,-2.014176241235146,0.0051389417845652,32.562223096007365,23.97265590751813,39.4416762582387,1.7424805970149253,2.232925373134328,3140.547,2.035337591005598,74.41268246400591
B0006,252,discharge,1.509391504602082,3.439943269617906,2.450611393803655,4.183501501534186,-1.7516949849801624,-2.0151247064734266,0.0019635914622084,32.58978020040808,23.95941142019243,39.53866201326228,1.7416934131736526,2.2287305389221554,3131.625,2.035337591005598,74.15927024943012
B0006,256,discharge,1.5039974333050703,3.43602719305159,2.4111946043456745,4.183243008796117,-1.7510429704034998,-2.0150071612077523,0.001009697699575,32.57089563557426,23.89672125029287,39.5867547936938,1.740908708708709,2.2244174174174174,3121.907,2.035337591005598,73.89424928579004
B0006,260,discharge,1.4935201918040188,3.436309312279291,2.4609139768640715,4.182038001412004,-1.7388746112390865,-2.0158858292130217,0.001556366600458,32.5378543470942,23.846991377084784,39.49975288442087,1.7288882882882886,2.206984984984985,3122.125,2.035337591005598,73.37948251946334
B0006,264,discharge,1.4876323024497422,3.430470227771154,2.378420264362521,4.182440318401142,-1.738622547139575,-2.0170367841185635,0.0012040695085459,32.65645090520509,23.868790356430857,39.9686395722832,1.7289219219219218,2.201558558558559,3121.672,2.035337591005598,73.09019933714036
B0006,266,discharge,1.5302876214401704,3.4417311090871063,2.3844697219937414,4.189962701965466,-1.7870762809520675,-2.015207980747731,0.0004792431384679,33.180785234653264,24.45395460946014,40.42668250871336,1.7769105105105107,2.281807807807808,3120.86,2.035337591005598,75.18593614163545
B0006,270,discharge,1.5040760088360112,3.4355429213552537,2.448639661640692,4.181214475643097,-1.7612682208672186,-2.013340550431054,0.0013906428309179,32.71220835503141,23.81264716305157,40.02451449021777,1.751318429003021,2.239350453172205,3103.828,2.035337591005598,73.89810985080334
B0006,274,discharge,1.4887593608730894,3.4272336842373576,2.362869757217078,4.182157933832856,-1.7545532300777185,-2.0143052426244057,0.0016812263902274,32.543943889007906,23.379533041996076,40.02167483360719,1.7445387878787877,2.222924242424243,3095.094,2.035337591005598,73.14557385723607
B0006,278,discharge,1.4782779285546637,3.430753651868756,2.479712742728869,4.1802491747767325,-1.7364250156958492,-2.01522796444188,0.0068481184251259,32.6655410721976,23.483667289937664,40.07821178158415,1.7264660606060604,2.198254545454545,3095.781,2.035337591005598,72.63060118809538
B0006,282,discharge,1.478459982215684,3.430880434209888,2.460990256984241,4.182775550999248,-1.7371686757879778,-2.0164424024266667,0.0002472528891452,33.160922870564626,23.948764926788748,40.56578932835109,1.726570303030303,2.195630303030303,3094.328,2.035337591005598,72.63954583009604
B0006,286,discharge,1.473214844899973,3.431984614031654,2.4794507375590507,4.182970513713943,-1.7358183569582517,-2.0141732645976056,0.0010030052573825,33.414445545408455,24.305636072230342,40.75221353269305,1.725651671732523,2.197589665653496,3086.531,2.035337591005598,72.38184227571321
B0006,290,discharge,1.4675164935067897,3.426913589626702,2.421513989921717,4.182588389688278,-1.7297302660430056,-2.014533312293864,0.0019538634173119,33.3541679486525,24.16642252229391,40.71162611325717,1.7195550151975685,2.1855258358662613,3085.625,2.035337591005598,72.10187145326269
B0006,294,discharge,1.4516292657521337,3.422042235670516,2.392798962354417,4.180388252515709,-1.727867109899114,-2.0150807231044525,0.0024649324773408,33.13634596100404,23.980795554734595,40.58721297402195,1.7177755351681956,2.179492354740061,3067.203,2.035337591005598,71.32130179126344
B0006,298,discharge,1.4519237720967175,3.4202687142856667,2.410475236770924,4.182476201666448,-1.726907314763758,-2.0151017082510445,0.0011413024919993,32.92241762841388,23.638284377724087,40.37035790264624,1.716926993865031,2.174625766871165,3058.157,2.035337591005598,71.33577144710262
B0006,302,discharge,1.4471484694777743,3.4248208106770663,2.4915333699239977,4.182567814531136,-1.7211995934038338,-2.015773418279684,0.0003841275623097,33.20338483123576,23.829441222036376,40.667923693760464,1.7109233128834358,2.166021472392638,3058.812,2.035337591005598,71.10115176336829
B0006,306,discharge,1.4468538105659885,3.423499088319266,2.444861994529003,4.182606347806988,-1.721141114732718,-2.016566183590645,0.0012181075137996,33.533950654066935,24.20984647694025,40.99035688395247,1.7108981595092028,2.167450920245398,3058.578,2.035337591005598,71.08667461161282
B0006,310,discharge,1.4416741930284678,3.4247420964314874,2.484075539808225,4.183047552179642,-1.7200547727480755,-2.018144057635402,0.0004305744501005,33.5767934055627,24.27322345224107,40.99774402817452,1.7099932307692312,2.16672,3049.328,2.035337591005598,70.8321901683239
B0006,313,discharge,1.5935866593100128,3.450702139255875,2.479017302613424,4.222516216835943,-1.8210481343824243,-2.0143333289759338,0.0002920618634497,33.224088400657315,24.0581768445586,40.77265883698999,1.810393510324484,2.3214896755162244,3177.219,2.035337591005598,78.2959380474406
B0006,316,discharge,1.5463902376915637,3.448047542990752,2.4820670710190385,4.1909374470770855,-1.821445703423604,-2.016338466932382,0.0002026611206909,33.37083344726966,24.676724380143,40.52220493430463,1.810706382978724,2.3284832826747723,3082.937,2.035337591005598,75.9770882494014
B0006,320,discharge,1.51470559175661,3.439948189189645,2.452449045714353,4.183028520369727,-1.7899159936953069,-2.0145951136219598,0.0019503732302666,33.43366634309322,24.71374963671338,40.57746834859555,1.7796335365853662,2.276801829268293,3074.266,2.035337591005598,74.42036144029748
B0006,324,discharge,1.4989786083335404,3.434112914501242,2.4198491932573414,4.1838942747302825,-1.7769345930773324,-2.0144018884289827,0.0005084867021221,33.28676739403043,24.452648939888725,40.516963879873735,1.7667003058103976,2.2536850152905195,3066.0,2.035337591005598,73.64766488653811
B0006,328,discharge,1.4831110745410492,3.432560094036392,2.4706823501191706,4.1839835007856605,-1.7640032117743043,-2.015270624937178,0.0007359350635753,33.14347737377552,24.22465149338904,40.34325381638243,1.7537288343558282,2.231447852760736,3056.437,2.035337591005598,72.86806282628963
B0006,332,discharge,1.4729664825468278,3.4270614887575657,2.413759774558071,4.183640209073579,-1.7571701008871028,-2.015800833534411,0.0021242129148989,33.11021541795579,24.107818019162877,40.39341126895154,1.7468947692307693,2.217843076923077,3048.219,2.035337591005598,72.36963976177928
B0006,336,discharge,1.4627604396099307,3.427340316812041,2.4562499847243027,4.183387047926521,-1.7502670210777267,-2.015384828991305,0.0017289535444482,33.18991802149879,24.152350848480747,40.46341487442664,1.7399543209876545,2.2096851851851853,3039.218,2.035337591005598,71.86819749578868
B0006,340,discharge,1.4518364681062514,3.423482197888437,2.401794655879554,4.18356344388626,-1.7439614243216512,-2.017707476586292,0.0015255121086987,33.26265398635676,24.1926071662797,40.5818264138806,1.7337580246913578,2.1972623456790124,3039.047,2.035337591005598,71.33148203630158
B0006,344,discharge,1.4468670644030392,3.422095770106937,2.4087687236133317,4.18171248971767,-1.736850855663561,-2.0198780169470747,0.0017135739999164,33.299978841087025,24.238609855596454,40.61670777074496,1.726738080495356,2.186699690402477,3030.375,2.035337591005598,71.08732579778997
B0006,348,discharge,1.441380399427779,3.421883545422636,2.4308118485818704,4.1832473219705815,-1.7360045229798653,-2.0197856871193367,0.0020383190496457,33.31663547841367,24.191028062692588,40.63164766168104,1.7259136645962732,2.183130434782609,3021.0,2.035337591005598,70.81775553094546
B0006,352,discharge,1.431210744960774,3.4195777411151886,2.398886415333129,4.183049768329545,-1.729690117077797,-2.015287001210607,0.0021980860706101,33.39150630507064,24.226474805349635,40.74323383889164,1.7197062111801242,2.174552795031056,3021.75,2.035337591005598,70.31810109956534
B0006,356,discharge,1.4260247179525716,3.4175281789596474,2.3814379490849835,4.183092498086332,-1.7287954627467013,-2.013949066691416,0.0005566103878417,33.41522427488497,24.22178922960351,40.81715493531611,1.7188218068535823,2.1702990654205605,3012.265,2.035337591005598,70.06330174681324
B0006,360,discharge,1.420487649966195,3.4197860540725715,2.459885297095542,4.181536580807847,-1.7216729981632184,-2.015065571425412,0.001880313677633,33.39690850726103,24.207764443084063,40.72877617289365,1.71168875,2.161678125,3002.641,2.035337591005598,69.79125508434085
B0006,364,discharge,1.4207006230355006,3.4171369298988705,2.4007285025453995,4.172034399629829,-1.7228162229694663,-2.0151971595728613,0.0022542409730723,33.73731993653,24.266994666970984,41.45494452672042,1.7127171339563867,2.1575700934579443,3012.0,2.035337591005598,69.80171885557206
B0006,367,discharge,1.452255804330839,3.4305347141293625,2.472830716079143,4.188427549455566,-1.7486639022205694,-2.0180838913239434,0.0081523535564586,34.08965316576344,25.010523307428716,41.39678877103747,1.7383515527950313,2.2144906832298137,3020.11,2.035337591005598,71.35208482113887
B0006,371,discharge,1.431557632772571,3.4250844180972875,2.467318928642863,4.181499335679726,-1.7345160724760178,-2.015157068463395,0.0001978952928271,33.9987286593769,24.81713061500866,41.36669473718026,1.72423,2.182525,3002.172000000006,2.035337591005598,70.33514435633658
B0006,375,discharge,1.415015751158943,3.417133986279293,2.3692462667541,4.179546243153898,-1.7271570233190523,-2.013917344838714,0.0013926531441986,33.907397114007345,24.66015421423191,41.37787352037061,1.7170921630094047,2.1661974921630094,2992.703,2.035337591005598,69.52241030736464
B0006,379,discharge,1.4097311506517451,3.417521467040602,2.4482618595124874,4.18101558225098,-1.7305179027385762,-2.026182069042455,0.005189848551175,33.70518417605219,24.417272340572964,41.14095609169821,1.7207164556962025,2.1683006329113925,2964.468,2.035337591005598,69.26276785146193
B0006,383,discharge,1.404917318129309,3.418162323668036,2.4598632768748825,4.182667734360821,-1.7141443638380731,-2.01548065880372,0.0017804365403169,33.7458832944166,24.34226965648951,41.2168813199875,1.7036974842767298,2.1433930817610065,2983.375,2.035337591005598,69.02625512041874
B0006,387,discharge,1.395164296571563,3.420331935905118,2.497869764845928,4.179947555799937,-1.706782327346661,-2.014398878088724,0.0004526100127092,34.01657212624259,24.68862064835225,41.40391881889191,1.6965444794952689,2.1350851735015777,2975.297,2.035337591005598,68.54707065486149
B0006,391,discharge,1.3945343832614077,3.4192916311692465,2.472236707252471,4.182316086490744,-1.7063596521950202,-2.015379938834276,0.0004074114617765,34.175023374593785,24.83379380277289,41.58657133119858,1.6964075709779185,2.136123028391167,2974.9850000000006,2.035337591005598,68.51612181802287
B0006,395,discharge,1.3893171179312644,3.414352330355796,2.427874990476308,4.18300582450457,-1.7052696591517462,-2.024938600791225,0.002731966470301,33.976109677640174,24.567907151996646,41.43504077863728,1.6954037974683545,2.130693037974684,2966.25,2.035337591005598,68.25978766720687
B0006,399,discharge,1.3838379472327809,3.412701167144591,2.427590520023505,4.182504606082063,-1.7046265574439607,-2.027018156432659,0.0013872942238959,33.84150372451663,24.35845427718724,41.37436880579148,1.6945047619047622,2.1253079365079364,2956.359,2.035337591005598,67.99058560840852
B0006,403,discharge,1.3736814238195123,3.410409522809144,2.37337869163978,4.179533028548021,-1.6985503106996724,-2.014779909755338,0.0037299171946931,34.1008464215818,24.62149945751311,41.66477948989921,1.6882679365079367,2.116161904761905,2956.344,2.035337591005598,67.4915763306282
B0006,407,discharge,1.3786059891863676,3.414419320260644,2.4248604132549767,4.18250512422575,-1.6982347588599789,-2.0151111715849144,0.0014127620211878,34.34663683304219,24.908657981582397,41.81816829502593,1.6881828571428574,2.1187873015873016,2956.406,2.035337591005598,67.73352957654757
B0006,411,discharge,1.3737600299108574,3.4131710032395315,2.426962848243194,4.1828227593786,-1.6971165805711328,-2.0151664181090267,0.0008856833378857,34.216231530637586,24.777867901281315,41.68664700078119,1.6871496815286628,2.116595541401274,2947.266,2.035337591005598,67.49543839713218
B0006,415,discharge,1.3682580583942712,3.4107019261975147,2.417287750352038,4.182413969607667,-1.6959199401004303,-2.016248522283907,0.0022565477410673,34.041617020161176,24.55493670403353,41.565382893773936,1.686141853035144,2.1117763578274764,2937.984,2.035337591005598,67.22511609085237
B0006,419,discharge,1.3633024037317505,3.4089059214760367,2.4185087281747166,4.182451170946608,-1.6953163120957455,-2.015018401452086,0.0029458430897076,33.890212870710734,24.31801713066025,41.46394809540406,1.6851794871794874,2.1078525641025645,2929.125,2.035337591005598,66.98163536881292
B0006,423,discharge,1.35809661401726,3.4134080258317576,2.480937393224248,4.181305580928812,-1.6890383512433216,-2.014808414619914,0.001787051783338,34.116762412437,24.575299028638764,41.6123634180086,1.6788750000000003,2.0984102564102565,2928.454,2.035337591005598,66.72586503678075
B0006,427,discharge,1.353269090999531,3.411221044859532,2.4078214169511205,4.1804870315884735,-1.689240311218937,-2.014994164220888,0.0009686723211606,34.490493589415046,24.98269073769502,42.0075404495327,1.678894230769231,2.102355769230769,2929.375,2.035337591005598,66.48867966571198
B0006,431,discharge,1.3841605738237488,3.415521085221368,2.433234589649132,4.163570261072192,-1.7102007614808157,-2.014889154962298,0.0021530897065765,34.23744800906639,25.141147272482755,41.61679232360952,1.7000292993630577,2.1353503184713376,2946.031,2.035337591005598,68.00643686533974
B0006,433,discharge,1.4051467790651473,3.42298383625498,2.440822893388958,4.190012868765637,-1.730244918610445,-2.021897889619746,0.0009450807694683,34.41428886050454,25.169349346251156,41.80245062827161,1.7199250793650795,2.175015873015873,2955.438,2.035337591005598,69.03752897183544
B0006,437,discharge,1.378719022627353,3.414757022019347,2.396078253891397,4.182418011462176,-1.715246592390148,-2.013990107965066,0.0022862143567549,34.16445180476378,24.82143821287872,41.653004783464006,1.7053041533546331,2.1417571884984024,2937.625,2.035337591005598,67.7390831241008
B0006,441,discharge,1.3682657783199066,3.41435871627236,2.449306948268824,4.182070839014939,-1.701340492819173,-2.0141794769710484,0.0017603003484055,33.877146811272176,24.44823164208337,41.36061809844917,1.691546794871795,2.119301282051282,2929.078,2.035337591005598,67.22549538545536
B0006,445,discharge,1.3573151296618016,3.409188669841805,2.384185417166802,4.182701902443236,-1.7004366132157598,-2.014245767720947,0.002448164539924,33.839566254190565,24.316938949769007,41.42815616511055,1.6905717041800643,2.1133504823151124,2918.375,2.035337591005598,66.68746922672389
B0006,449,discharge,1.3524934638801596,3.411930366643558,2.4440756213040964,4.182270325485355,-1.6873533635265776,-2.013969299900083,0.0010573004756267,33.818304796930946,24.299358283075957,41.343265645039,1.6777163987138264,2.0969067524115754,2919.812,2.035337591005598,66.45057163278422
B0006,453,discharge,1.3474099151661236,3.4094417183837504,2.4296014294774677,4.182394535290608,-1.6919294969110734,-2.014779898380345,0.0016960165224917,33.812621135472135,24.25578525763593,41.38118673567723,1.6821016181229778,2.099783171521036,2900.422,2.035337591005598,66.20080723318286
B0006,457,discharge,1.3370075130842318,3.408189609747988,2.41022288115442,4.182061947471753,-1.6852952939579415,-2.014211676143238,0.0020320718333584,33.79894614410012,24.22667614097166,41.378450473707446,1.6756323624595473,2.091456310679612,2901.375,2.035337591005598,65.6897174696045
B0006,461,discharge,1.3312352966718526,3.40737851449911,2.4098927032454966,4.182288987105723,-1.6787428835073943,-2.0146307921789908,0.0080376766807166,33.702723745621576,24.08401483096836,41.306600641009794,1.669153398058253,2.0804304207119744,2901.187,2.035337591005598,65.40611751852576
B0006,465,discharge,1.3259303781727645,3.4085862639015,2.453938411405305,4.179662143533188,-1.6712137513430336,-2.013369705800471,0.0010416352989289,33.63562651984647,24.032744419693664,41.20408103671912,1.6616019480519482,2.070675324675325,2891.64,2.035337591005598,65.14547680110712
B0006,469,discharge,1.321578743867529,3.404843616147767,2.3940396792395253,4.181392635232333,-1.6768931248947176,-2.0139825284473383,0.0013051127215942,33.69072406179652,24.035049734679703,41.32955629442644,1.667013029315961,2.0741107491856674,2882.906,2.035337591005598,64.93167274597319
B0006,473,discharge,1.321225074066109,3.4081057374178703,2.45134737470238,4.182099866234647,-1.6701186583642826,-2.01389215215322,0.001905914988572,33.71317033815572,24.06699631246609,41.300370296451625,1.6604905537459285,2.0671433224755704,2883.265,2.035337591005598,64.91429627717592
B0006,477,discharge,1.3156485301862682,3.409172854038073,2.475014603796582,4.182054276922838,-1.6634753413292604,-2.013710255019385,0.004822714606532,33.65376593260611,23.996723972247743,41.2436462295636,1.6539713355048862,2.0594495114006515,2882.969,2.035337591005598,64.64031008911138
B0006,481,discharge,1.3209025697502388,3.4110817622184237,2.4569179775419294,4.168816046299314,-1.6645875549232958,-2.0145340492151043,0.0016790557813109,33.983578066068176,24.663353868241057,41.36464929786556,1.655229220779221,2.0605162337662337,2891.656,2.035337591005598,64.8984510278524
B0006,483,discharge,1.3474328767273906,3.416748624671716,2.438240626221148,4.190149239555381,-1.6918384605140158,-2.01382438347875,0.0011291190058123,33.816348135475515,24.805357555777945,40.89285784811417,1.682086084142395,2.11257928802589,2901.25,2.035337591005598,66.20193537828118
B0006,485,discharge,1.3260128072353616,3.4169689184247174,2.4946397780995584,4.187196878135145,-1.6711981411684529,-2.0133154561700204,0.0015509192623282,33.60692030225909,24.568710436075083,40.652964511118334,1.661601298701299,2.0812435064935064,2891.703,2.035337591005598,65.14952669744675
B0006,489,discharge,1.3101186784831065,3.4105763913818787,2.4367455144223555,4.18232296515852,-1.6632769410531223,-2.0139168871011672,0.0017807462401955,33.47350597721994,24.308667818003084,40.58410707337388,1.6539661237785015,2.0597035830618893,2883.016,2.035337591005598,64.3686179763337
B0006,493,discharge,1.30521620229393,3.4113335283009314,2.485868996808533,4.1822817387062585,-1.6559085740676296,-2.0142276812428177,0.001136289876544,33.209178727620106,24.003796003990196,40.322783635307104,1.6463424836601308,2.047421568627451,2873.453,2.035337591005598,64.12775001365068
B0006,497,discharge,1.3004061951355774,3.4081283345557187,2.395755020190792,4.181394192711236,-1.656100922060331,-2.014080368444908,0.0011258076444086,33.58088963686094,24.35910018105313,40.78032921971219,1.6463797385620915,2.046859477124183,2874.031,2.035337591005598,63.89142523000749
B0006,501,discharge,1.300235735841116,3.412573242269913,2.4504684570147006,4.182109437180301,-1.6493259508429792,-2.014831579693271,0.0035385904696668,33.76400861956033,24.621773390889476,40.85731522464202,1.6397601307189542,2.042049019607843,2874.234,2.035337591005598,63.88305024124815
B0006,505,discharge,1.2895066722480757,3.407693686560286,2.3942028718004007,4.181210531150237,-1.6481131076816375,-2.014857985605384,0.0007121321492493,33.57003564415372,24.362440700162463,40.74860220857894,1.6385731147540985,2.0371573770491804,2864.984,2.035337591005598,63.35591097744969
B0006,509,discharge,1.279253057384795,3.407349960804196,2.4303844034459368,4.180183763169455,-1.6402541382604887,-2.013906118562721,0.002070603795056,33.272050895552354,24.05758090644101,40.47227623020844,1.630754605263158,2.026506578947368,2855.093,2.035337591005598,62.85213141239902
B0006,513,discharge,1.2792078171714618,3.409292163767801,2.4755630989048205,4.181641969595387,-1.6339151095418003,-2.01480412850878,0.0011760650851612,33.12740933210319,23.84003655190612,40.28187574900838,1.6242565789473684,2.0159078947368423,2855.625,2.035337591005598,62.84990867482796
B0006,517,discharge,1.274036760902923,3.409549235480477,2.446712151873903,4.1818501497507565,-1.6340244573659812,-2.014522533445452,0.0019702593856607,33.439116773449626,24.11614509838886,40.637565231244686,1.6243105263157898,2.0158914473684213,2855.594,2.035337591005598,62.59584486293798
B0006,521,discharge,1.2741273923001468,3.410318915287339,2.4607112018206894,4.1817089329030335,-1.632488007933941,-2.0149438038428857,0.0040495370268256,33.482874768414376,24.2483754316006,40.64243349478575,1.6230323432343237,2.0155148514851486,2847.437,2.035337591005598,62.600297755550194
B0006,525,discharge,1.263763942644078,3.409269478846637,2.46197885229738,4.178725976011113,-1.6192610042624402,-2.0150039133931816,0.0014280969271294,33.22136307064441,23.97276387413658,40.38713367022122,1.6097742574257423,1.9971023102310232,2847.36,2.035337591005598,62.091121798604966
B0006,529,discharge,1.2581373688955233,3.409437443506909,2.4999079970509284,4.181148894438262,-1.6178242977824624,-2.015129426588159,0.0037301935665104,32.98562738901426,23.67821307261489,40.15316398972329,1.6084596026490063,1.9933178807947016,2837.328,2.035337591005598,61.8146775481072
B0006,533,discharge,1.253259864055301,3.403885091976961,2.4061574188511727,4.181246648937272,-1.6181015728870058,-2.015749061229573,0.001436003251364,32.97018278153956,23.51872262795036,40.26211669866818,1.6085456953642383,1.987609271523179,2837.281,2.035337591005598,61.57503647520722
B0006,537,discharge,1.2532313315493426,3.4065929107527846,2.40921365026611,4.182124874468928,-1.6180985297864203,-2.014223314502266,0.0088086122111483,33.31018716138479,23.900390232503312,40.65437976632703,1.6085774834437088,1.9903609271523175,2838.515,2.035337591005598,61.573634619019614
B0006,541,discharge,1.2480874960313575,3.4095930016592684,2.4705399687343235,4.179545017207998,-1.6103535053387172,-2.016335249580649,0.0018528412705641,33.23406652671602,23.92716190106188,40.41021687551566,1.600601993355482,1.981119601328904,2828.328,2.035337591005598,61.32090821428379
B0006,545,discharge,1.2534354284944844,3.409409922814414,2.4996841687041944,4.164241788212258,-1.611644410040853,-2.01499403966668,0.000657295059648,33.117656712920734,23.563221777928877,40.49521984011741,1.6019509933774836,1.982185430463576,2838.265,2.035337591005598,61.58366228941904
B0006,548,discharge,1.28980487732669,3.4195489282896943,2.4839695531514434,4.189238693156103,-1.6420364978388975,-2.0181368086516467,0.00114204030608,33.78417036686004,24.18298607119453,41.357879741754175,1.632057049180328,2.03764262295082,2864.547,2.035337591005598,63.37056235911393
B0006,552,discharge,1.2635402021758837,3.4151799904188,2.4675402264113453,4.180842923747738,-1.6194806393973795,-2.014277449216773,0.0006389432339644,33.806439563441614,24.13790128994837,41.37902988743146,1.6098072607260727,1.997881188118812,2846.39,2.035337591005598,62.080129004624105
B0006,556,discharge,1.2479761706842851,3.4154594925159083,2.4946438160388325,4.18123823034649,-1.6048643562670923,-2.0138128429431967,0.0057812483075358,33.63735785291911,23.963097388160715,41.20920760771975,1.5952569536423842,1.9760331125827808,2837.969,2.035337591005598,61.315438588627366
B0006,560,discharge,1.2321202877943334,3.4130336456755868,2.4577382116375843,4.1798277092808815,-1.5916400783224371,-2.014917756386988,0.0023397381848139,33.58195933847606,23.85096067907487,41.20630554355683,1.5820225165562911,1.956155629139073,2838.156,2.035337591005598,60.53640895934027
B0006,564,discharge,1.2271137666213534,3.4094524356574096,2.40986495422137,4.180792839927961,-1.5901105081883435,-2.014930078850297,0.0010089516629164,33.56245583951572,23.75303412345965,41.28239317323536,1.5806332225913622,1.9503654485049835,2829.843,2.035337591005598,60.290429069070264
B0006,568,discharge,1.2217397581377356,3.4138496008165014,2.479418189447868,4.181365190126037,-1.5767754479909837,-2.0147963353542564,0.0008594805850041,33.5111267532655,23.71579098948608,41.1595683576961,1.5673415282392025,1.934295681063123,2829.625,2.035337591005598,60.02639382954212
B0006,572,discharge,1.211102678915174,3.410900672125043,2.434585389303289,4.180594670510683,-1.575262673173442,-2.015518745222527,0.0011992086586358,33.53675907012135,23.759120931060004,41.230427315370186,1.56591,1.9295033333333331,2819.437,2.035337591005598,59.50377393250057
B0006,576,discharge,1.2056159765131735,3.4105744140130074,2.425682710641569,4.181424135030176,-1.5684640005188113,-2.0147884579094577,0.0016688329956906,33.49803069556778,23.66231577866041,41.21487873613708,1.559248,1.9212266666666664,2819.579,2.035337591005598,59.23420182680926
B0006,580,discharge,1.2008936262717274,3.4096514247359915,2.417924401749313,4.181921994951423,-1.5671286757845893,-2.0146138657111945,0.0026713892198369,33.516977262709986,23.65025525718372,41.27439823262361,1.5578481605351175,1.9177391304347824,2810.672,2.035337591005598,59.002183793913154
B0006,584,discharge,1.1905903985558337,3.4128578373442537,2.4541577949851603,4.179593598747663,-1.5537993411647462,-2.0148417510809367,0.0021054554350767,33.531923269271225,23.71646710308953,41.237668013317766,1.544473578595318,1.902561872909699,2811.485,2.035337591005598,58.49596665522202
B0006,588,discharge,1.185179251041941,3.413450901705652,2.463616101176541,4.180557596235595,-1.5521827524962777,-2.013981544237104,0.0030546197767952,33.567636169584304,23.75283925140291,41.24068073261839,1.5429087248322149,1.9005973154362412,2802.422,2.035337591005598,58.23010670462684
B0006,592,discharge,1.1796706818144624,3.414388187503409,2.470375229475307,4.181414159913002,-1.5452652929126829,-2.014023708028726,0.0020243726684846,33.60493096509702,23.80606714012504,41.28133907077437,1.5361557046979863,1.89253355704698,2801.625,2.035337591005598,57.95946024028492
B0006,596,discharge,1.1745952836753917,3.412419038813061,2.4357634426689945,4.180815073540562,-1.538651770825325,-2.016504705213686,0.0039411217828642,33.54281440778599,23.71321070187237,41.28338645880181,1.529481879194631,1.8808456375838924,2802.031,2.035337591005598,57.71009629390572
B0006,600,discharge,1.15381833159625,3.414810305745517,2.481190011798763,4.1697037841892834,-1.5169723774339865,-2.0192733708647617,0.0022476647345707,33.472459360982775,23.707339766856947,41.14919304328959,1.50773468013468,1.8533265993266,2793.39,2.035337591005598,56.689285192545555
B0006,604,discharge,1.1644009557372264,3.4166177332601,2.491537251958465,4.180283727512206,-1.5238501013926742,-2.014625681416588,0.0020222968056506,33.58210389885497,23.791460085164704,41.26268252018065,1.5144821548821548,1.863026936026936,2793.39,2.035337591005598,57.20922960804411
B0006,608,discharge,1.1587974947916069,3.4121341541171764,2.40904100737121,4.181170015245673,-1.523792814686802,-2.016243208356173,0.000365940232113,33.6634605108384,23.802896883148367,41.45791806300034,1.5144888888888888,1.8599494949494948,2792.485,2.035337591005598,56.933920933434955
B0006,612,discharge,1.1749748834769171,3.419700177568569,2.475767645530351,4.1575524997258,-1.539131085939872,-2.013736316594881,-0.0004237695743895,33.730546074122294,24.698597962486065,41.11666214070682,1.5295798657718125,1.8894697986577185,2802.016,2.035337591005598,57.72874675283711
B0006,614,discharge,1.1856752327929356,3.4234687742187893,2.4160441724133666,4.188511527828155,-1.5426703969635054,-2.014876364498059,0.0032206172427055,33.8912822372509,24.907725860706154,41.36263766174168,1.5328073333333334,1.89745,2820.39,2.035337591005598,58.254475229690506
B0007,2,discharge,1.89105229539079,3.522006703394617,2.145975766935391,4.199497433806136,-1.8691188840185693,-1.996867242177128,0.0009103844987851,32.62485875142121,23.92407356409745,40.59042914535701,-1.8782,2.4725939086294417,3690.234,1.89105229539079,100.0
B0007,4,discharge,1.880637027686859,3.531949043431712,2.111016698785212,4.198510349854315,-1.8680422715350309,-1.994391196351152,0.0036015506039289,32.738209593287145,24.261106709876195,40.26023408628707,-1.877583673469388,2.4823724489795915,3672.344,1.89105229539079,99.44923428456647
B0007,6,discharge,1.8806626717011388,3.5344025220217845,2.025108512818265,4.198280074112568,-1.877784734502072,-1.994681656822022,-0.0010276902277484,32.68511456550919,24.3190033925327,40.27558633997852,-1.8872092307692303,2.496902564102564,3651.641,1.89105229539079,99.45059035569906
B0007,8,discharge,1.8807709009833444,3.53492504932652,1.922542180649595,4.198267468745592,-1.8875256535871228,-1.9952731083659303,-0.0006983471237198,32.554748499572646,24.223578724887076,40.29314715799111,-1.8969360824742263,2.509113402061856,3631.563,1.89105229539079,99.45631358622364
B0007,10,discharge,1.8794508728285055,3.534536640068787,1.871159045064988,4.198464224146956,-1.8871559747738404,-1.9935500451030048,0.0005983417342468,32.46787845303298,24.13830760704513,40.2688726302198,-1.896936082474227,2.5085257731958763,3629.172,1.89105229539079,99.38650969142621
B0007,12,discharge,1.8807003517117404,3.5411626672196816,2.175686706590344,4.197967993115647,-1.8675154082122565,-1.994104174576412,-0.0004243475852501,32.48624734055599,24.135840711684263,39.67620802332074,-1.8769579487179489,2.4888256410256413,3652.281,1.89105229539079,99.45258289766596
B0007,14,discharge,1.8799352523566075,3.541165612176161,2.111788715601944,4.198023461704379,-1.8673304059806155,-1.993164510431567,0.0005401764510727,32.55779966353037,24.255515986671373,39.80381766292616,-1.876956923076923,2.4896871794871798,3650.828,1.89105229539079,99.41212397661985
B0007,16,discharge,1.88150881240388,3.549458117635797,2.026250619894166,4.199372697237068,-1.9063154499484405,-1.9936540341331743,-0.000328171819449,32.45374435641106,24.30295214496604,39.88810476942348,-1.9162554973821984,2.542727748691099,3572.453,1.89105229539079,99.49533479268811
B0007,18,discharge,1.8696907870385844,3.5502805464079743,1.950589433290604,4.19921182024681,-1.916425930003817,-1.99377953803378,0.0005697252689816,32.373246444985035,24.257530932186896,39.95162250671474,-1.926337894736842,2.5552315789473687,3550.594,1.89105229539079,98.87039039563994
B0007,20,discharge,1.870052380139199,3.5481347674910286,1.868824706765806,4.198957678253482,-1.9165016044519976,-1.99378312138298,0.0035107556642499,32.30534276235138,24.189583713016194,40.05202185471829,-1.926337894736842,2.5536421052631577,3551.25,1.89105229539079,98.88951165957833
B0007,22,discharge,1.8700442394188577,3.548427214895644,1.7896213776724978,4.198832114024662,-1.926771167846017,-1.9942511729128332,-9.593499764332656e-05,32.183319483399806,24.062655752137022,40.1213838436794,-1.936526984126984,2.5636931216931216,3530.25,1.89105229539079,98.88908117331621
B0007,25,discharge,1.8596518987766364,3.5560433603714667,1.910336108594535,4.198945227315025,-1.936979366983281,-1.9938120330189373,-0.0018154689461531,32.378853181816005,24.334878490739897,40.174657039770814,-1.946539037433155,2.5809304812834224,3491.016,1.89105229539079,98.33952785490447
B0007,27,discharge,1.8590746560862208,3.5604849642800684,1.9086884059809104,4.199051302806796,-1.947065774665518,-1.9942213710086447,0.0021769059281878,32.2913249500013,24.352069874766624,40.016434730174936,-1.9570010752688172,2.5966720430107526,3470.281,1.89105229539079,98.30900290898825
B0007,29,discharge,1.8590084577709232,3.5562872542469752,1.7868782934275431,4.198107645780677,-1.946961601670498,-1.9939995868905829,-0.0004508051048845,32.14782797344657,24.125190486792462,40.16569230743226,-1.9570010752688172,2.5927365591397846,3470.0,1.89105229539079,98.30550230165662
B0007,31,discharge,1.8593622586957048,3.5647746218187324,2.1361343961784502,4.19925638222589,-1.946851050742258,-1.994356138623711,-0.0011324628611877,32.01380948237792,24.072501109913752,39.46139677634257,-1.9567697297297293,2.600535135135135,3450.297,1.89105229539079,98.32421151057929
B0007,33,discharge,1.8587355450601035,3.565438928797127,2.0133501283179167,4.199087384946408,-1.9574063719005568,-1.9935665024864544,0.0005922421493807,31.88131010347136,23.938131916668528,39.5636595172155,-1.9674,2.6122010869565218,3429.407,1.89105229539079,98.29107051087615
B0007,35,discharge,1.847817291322145,3.565961679108638,1.8575547668336485,4.199009971925293,-1.9680136940585704,-1.993742172224942,-0.0019590482402041,31.854304304240515,23.932016714666645,39.628948319501816,-1.9781475409836065,2.6224972677595626,3409.484,1.89105229539079,97.7137065868551
B0007,37,discharge,1.8485252916137047,3.572496559005355,2.165755612420893,4.1985172274243965,-1.9680499927642312,-1.9946244036549008,0.0004326258514957,31.856555404576756,23.976819790445436,39.22534721491488,-1.9780274725274725,2.6290219780219783,3390.422,1.89105229539079,97.75114607455649
B0007,39,discharge,1.848378951850034,3.5699492020415136,2.0270686341513207,4.198245740608724,-1.9680218912213907,-1.994455565707021,-0.0024409084852146,31.86718260708393,23.9807756950204,39.4126321606434,-1.9780285714285712,2.627120879120879,3390.281,1.89105229539079,97.74340753850292
B0007,42,discharge,1.8807805437609768,3.5464338449590023,1.905311669649934,4.196262462698172,-1.90666567906068,-1.9992261048783584,-0.0008292148953224,32.35216872128999,24.35868522365832,39.95874037686836,-1.916691666666667,2.537005208333333,3591.734,1.89105229539079,99.45682350219244
B0007,46,discharge,1.88147215974436,3.5531968089006387,1.7951975189442124,4.1969587758867,-1.9267118604677655,-1.9940266531677509,0.0007573311396121,32.60219299451182,24.65025766803762,40.31302300333008,-1.9368610526315784,2.5664526315789478,3552.297,1.89105229539079,99.49339657767369
B0007,50,discharge,1.8810954313244783,3.5599340214678805,2.1058524852518143,4.197071720130598,-1.9260915660103672,-1.993858646326954,0.0013452537587627,32.19571819720114,24.30627397473693,39.359447242364645,-1.936526984126984,2.5725449735449737,3531.578,1.89105229539079,99.47347494881129
B0007,54,discharge,1.8710089649779995,3.5595604968237997,1.846021007590992,4.19690260801443,-1.9468340181835688,-1.9927272592846583,0.0006146261200233,31.805988160181123,23.9467139821556,39.454159451189874,-1.957232085561497,2.593903743315508,3492.907,1.89105229539079,98.94009644991608
B0007,58,discharge,1.8701995151941373,3.552385161941813,1.7370300333706354,4.1966416719103465,-1.9364196896718648,-1.9934659604006035,-0.0002739360521714,31.737001978644926,23.7951049382806,39.64174827400944,-1.946823404255319,2.576686170212766,3511.594,1.89105229539079,98.89729225111972
B0007,62,discharge,1.8706715362800983,3.5707670304281067,2.0506492642329937,4.1971302559922,-1.9675984733558023,-1.993000639305042,-0.0003786300348992,31.51707667966367,23.71845701771557,38.86906912217273,-1.978267391304348,2.624940217391305,3431.9370000000054,1.89105229539079,98.92225301434723
B0007,66,discharge,1.8596124644020169,3.565722484743929,1.8254369744762284,4.19652461108806,-1.9680130544442065,-1.9947910338783703,-0.0014954156580665,31.442860781038384,23.64183560576637,39.11839966443177,-1.978266304347826,2.6197717391304347,3431.125,1.89105229539079,98.33744254109715
B0007,70,discharge,1.860033909718346,3.571283506748709,2.134879000684994,4.196790308710931,-1.9675572757550357,-1.9956093835681803,0.0005398984445576,31.32326275303232,23.51989277533736,38.68010761281634,-1.9781486338797811,2.6257158469945354,3412.406,1.89105229539079,98.35972882674649
B0007,74,discharge,1.8591653109160768,3.56797162748914,1.970455493406623,4.196693048697735,-1.967618505240168,-1.9936520198661491,-8.502750867487407e-05,31.28571570579735,23.467259682273063,38.863045678198645,-1.9781475409836065,2.6219016393442622,3410.688,1.89105229539079,98.31379679174215
B0007,78,discharge,1.8481398178778288,3.5646314038791784,1.813269430976001,4.197078923354,-1.9678214300979184,-1.9944764248874856,-0.0021454320098209,31.331850868998004,23.492198340361576,39.14531169811219,-1.9781475409836065,2.6185792349726777,3410.718,1.89105229539079,97.73076198804469
B0007,82,discharge,1.849201702126164,3.568983888921194,2.048365732409564,4.196062203382386,-1.967505635477996,-1.9940826161567085,-0.0025121744881896,31.32285733932258,23.51112503683739,38.8380564174779,-1.9780274725274725,2.6230274725274723,3392.719,1.89105229539079,97.78691507545129
B0007,86,discharge,1.8834677437950849,3.564620688944316,2.181560983985832,4.206531081984383,-1.9683447778186904,-1.994081294125572,-0.0020329549327671,31.60843645212248,23.527236127318183,38.95965174080089,1.9784425876010776,2.6102048517520213,3470.672,1.89105229539079,99.5989242807197
B0007,90,discharge,1.8628211117905844,3.569438814221784,2.1177799354077496,4.203187727641822,-1.978806775438716,-2.003329552797809,0.0016192589541852,31.782101501165204,23.9542942093336,39.05387577229197,1.9890438356164384,2.625654794520548,3414.109,1.89105229539079,98.50711777410832
B0007,94,discharge,1.852085039652352,3.568742147335628,2.1637448793153697,4.202997027311235,-1.9785908218423576,-1.9938003511879971,-0.001677256736689,31.51504198920288,23.73407143959736,38.699551697978606,1.98898347107438,2.626118457300276,3395.219,1.89105229539079,97.93938772431541
B0007,98,discharge,1.8469504648208708,3.5642424070467817,2.045656147205805,4.2027504558714135,-1.9784335668087776,-1.994233953094661,-0.0024901255072808,31.13866351339678,23.309807963383705,38.6052414906155,1.988953038674033,2.62296408839779,3386.0,1.89105229539079,97.66786827220949
B0007,102,discharge,1.836828431169018,3.5653038098527605,2.1356202266992863,4.202665067816707,-1.9781601679702336,-1.9932621441916,0.0002120880463095,31.068710515588776,23.305948209951065,38.42604747702835,1.988892222222222,2.622475,3368.187,1.89105229539079,97.13260895248978
B0007,106,discharge,1.8371619619672277,3.565432167703823,2.042987153745025,4.20243913428064,-1.978376589969064,-1.9932668899112056,0.0016978688568831,31.618244836823447,23.739006255698545,39.0468968949422,1.9888916666666665,2.6205944444444444,3368.266,1.89105229539079,97.150246264743
B0007,110,discharge,1.8316722583718852,3.5622303163451425,1.978616239411895,4.202794567899269,-1.9780771457931063,-1.9945447573637072,0.0006200071499489,31.3315280636684,23.487622777066665,38.83676495861389,1.9888607242339835,2.6193119777158778,3358.719,1.89105229539079,96.85994738677314
B0007,114,discharge,1.8211470951317783,3.564481026852489,2.15845357648832,4.203135326288817,-1.9780971417908424,-1.9937887547057835,0.0003106338402807,31.132569191182142,23.2595984254445,38.49981470604549,1.9887988795518208,2.62209243697479,3339.5,1.89105229539079,96.30337032828774
B0007,118,discharge,1.816506091511515,3.561614556780574,2.092603698932653,4.202837061508687,-1.977978349880126,-1.992201283338572,1.0269396682341148e-05,30.972969676157927,23.021675511770265,38.582340147970775,1.9887674157303368,2.619429775280899,3331.265,1.89105229539079,96.0579512231908
B0007,122,discharge,1.8113815601504557,3.5630587459190144,2.152888643167804,4.202745735932991,-1.978433495721842,-1.9945004268443045,0.0006306807076325,31.1990648511682,23.18977956751028,38.787499833494046,1.988735774647887,2.61814647887324,3321.188,1.89105229539079,95.78696287593304
B0007,126,discharge,1.8116056333939583,3.5629534367704405,2.0537418826405966,4.203198796599359,-1.9782873833989176,-1.9931746766502971,0.0005017093700327,31.722267598269813,23.74662782512349,39.31221126031847,1.988735774647887,2.615780281690141,3321.844,1.89105229539079,95.79881200586186
B0007,130,discharge,1.8060548955557405,3.563446012076242,2.079330058633996,4.202901668731174,-1.978196143267665,-1.9946160382197375,0.0014954532137275,31.900827580605675,23.98219553879158,39.40567993360536,1.98870395480226,2.6175169491525425,3311.828,1.89105229539079,95.50528559986309
B0007,134,discharge,1.8132041826994056,3.563998342345823,2.075979330452076,4.196154302326916,-1.9670969462670496,-1.9952878943511756,0.0009071057750656,31.5372402498617,23.71372956170196,39.32802757827611,-1.9776592178770949,2.61382122905028,3327.391,1.89105229539079,95.8833442691601
B0007,136,discharge,1.8062641938283532,3.5604902283110547,2.0674349483094465,4.204477224486428,-1.9781214643703728,-1.9951041266249487,-0.0007153493376797,31.24662583059252,23.52099861667097,38.6112528181758,1.98870395480226,2.617338983050847,3312.078,1.89105229539079,95.51635342031008
B0007,140,discharge,1.7958310249900458,3.5567002097886946,2.037264031192436,4.20211656315423,-1.9780364457328716,-1.9939079880095487,-0.0012469857773277,30.939399361884792,23.07246859020669,38.56972695128688,1.9886397727272724,2.612715909090909,3293.172,1.89105229539079,94.96464108196085
B0007,144,discharge,1.7858852600390451,3.5584127263446006,2.1632674190148338,4.202901194454151,-1.977935781469453,-1.9931708315999248,0.0005268652442651,30.88485700435457,22.983640218520343,38.34572083526661,1.988574857142857,2.613202857142857,3275.328,1.89105229539079,94.43870295876657
B0007,148,discharge,1.780326860450275,3.556136820956992,2.106631526845483,4.201790697233378,-1.9780170042003,-1.9937766833094568,-0.0024226440673283,30.920682316695828,22.969922978716895,38.48254063494672,1.9885421203438396,2.6110458452722063,3265.016,1.89105229539079,94.14477139472056
B0007,150,discharge,1.8150756899575575,3.568999942180493,2.1809272860788376,4.191916354433964,-1.9779140108313504,-1.993416647067197,-0.0001758019097429,33.8805778170798,26.46604285791351,41.0499421893331,1.988766853932584,2.621143258426966,3328.937,1.89105229539079,95.98231071565729
B0007,154,discharge,1.815702515484584,3.571059290544873,2.1773498094527195,4.20342192245769,-1.978162017642311,-1.994657617315832,-0.0012601283929447,33.038339318294426,25.38232315092876,40.361944885615415,1.988766853932584,2.6257780898876404,3329.266,1.89105229539079,96.0154576322473
B0007,158,discharge,1.800243217805667,3.566692128462209,2.180136101967249,4.202807443974011,-1.9779553399945096,-1.9927642557550824,-0.0007693308142824,32.27329169539202,24.501910100578037,39.6676965288026,1.9886719546742209,2.6228470254957506,3301.579,1.89105229539079,95.19796053200332
B0007,162,discharge,1.7904476205609308,3.563327431073248,2.128629519907685,4.203276539809248,-1.9779914337720732,-1.9950332824030972,-0.0006536943792753,31.937919783481355,24.043121291612863,39.481181404811096,1.988606837606837,2.6202336182336183,3283.563,1.89105229539079,94.67996336880418
B0007,166,discharge,1.780343032300132,3.559014621482901,2.155901281560187,4.202580870413733,-1.9721889844228175,-1.994232501388858,0.0007008105306003,31.688686599521045,23.72477221974692,39.4190511430692,1.982861714285714,2.6111257142857145,3275.125,1.89105229539079,94.14562657201503
B0007,170,discharge,1.775328769596812,3.556694583634292,2.067103728219671,4.203244171517053,-1.9723254573804136,-1.9927179646840103,0.0001504085743458,31.779120691032947,23.738337987235628,39.72196117128354,1.9828131805157596,2.6064756446991404,3265.656,1.89105229539079,93.88046929870528
B0007,174,discharge,1.770262973473285,3.555013984911923,2.061983186454309,4.202697222668131,-1.966838273678528,-1.99371542403896,-0.0009153700172719,32.133873372089305,24.06931067212055,40.041366724781085,1.977084240687679,2.5986475644699145,3266.093,1.89105229539079,93.6125869066702
B0007,178,discharge,1.760081061854204,3.552637375406741,2.143037413381466,4.202581421564202,-1.960929600351624,-1.99255052774098,0.0001465971906707,31.889431533099835,23.85737755230868,39.66314441864834,1.971272988505747,2.5923706896551724,3257.594,1.89105229539079,93.07416120348377
B0007,182,discharge,1.749647593537689,3.547186025484395,1.992905798820928,4.201275185814673,-1.9607588424014128,-1.994265959280498,-0.0009119903753978,31.81736328028127,23.739137412822192,39.84751541049116,1.9711896253602303,2.5875792507204616,3248.593,1.89105229539079,92.52243302854406
B0007,186,discharge,1.749650075059311,3.546814755244375,2.0335961968180234,4.202508747096239,-1.9607439129501685,-1.9932021181710204,0.0010974883571477,31.72316205746117,23.58399487368775,39.74335777163101,1.9711063583815027,2.585832369942197,3238.766,1.89105229539079,92.52256425292258
B0007,190,discharge,1.745028739214683,3.544785017297265,2.0213017345171265,4.202333230196108,-1.9550964299704847,-1.9932663431900044,0.001774869767192,31.957150654392294,23.70822834446801,40.07246786936068,1.965328323699422,2.5751329479768788,3240.14,1.89105229539079,92.2781851918098
B0007,194,discharge,1.739645745528673,3.546521542096416,2.0789964919635966,4.202490707154508,-1.955058998571939,-1.9938941800121164,0.0005136007463939,32.29917704213345,24.21598770999788,40.24771611400392,1.9652278260869565,2.5768289855072464,3230.109,1.89105229539079,91.9935291989993
B0007,198,discharge,1.7285642277717963,3.540832547654255,1.9925354808829656,4.202290557382721,-1.9491545130405272,-1.9929599237339224,-0.0018160550004962,32.128842946565555,24.018596493562136,40.27220819224188,1.9594318840579708,2.5659449275362323,3229.7810000000027,1.89105229539079,91.40753177397374
B0007,202,discharge,1.723900324588418,3.542992511358393,2.14041602578448,4.20313824854604,-1.9485230174751031,-2.002837999763986,0.0002657157345997,32.021134355757404,23.868157730931408,39.89848456781458,1.959195335276968,2.567661807580176,3212.469,1.89105229539079,91.16090172599749
B0007,206,discharge,1.7139788776485192,3.5360811169860216,2.006753861515003,4.202703239422359,-1.9431227050969848,-1.994963835157279,0.0003221994780719,31.85904886148665,23.679272417109907,40.0571305311587,1.9533661807580172,2.5534927113702626,3213.219,1.89105229539079,90.63624955407813
B0007,210,discharge,1.7139701997004613,3.5392436935272635,2.121868132176415,4.202907102508285,-1.9430080085541768,-2.0016459444206927,0.0004335128310188,32.16100333536097,23.840345275714288,40.240711749549135,1.9532298245614037,2.554590643274854,3203.578,1.89105229539079,90.63579065888634
B0007,214,discharge,1.7036521173638766,3.534823706293257,2.011964875882845,4.201457080806326,-1.9425165961920088,-1.9940444299252396,0.0008557352401421,32.10276048728767,24.23912269518512,40.12941739090177,1.953092082111437,2.5516979472140764,3195.125,1.89105229539079,90.09016416501656
B0007,216,discharge,1.7040137474382486,3.5366477402090606,2.0744390946376323,4.204304103661928,-1.9370190075205085,-1.99394242124594,0.0009344669590898,32.33880662180898,24.100749099673767,40.3959693732437,1.9472299120234604,2.550475073313783,3195.312999999994,1.89105229539079,90.10928738414982
B0007,220,discharge,1.6935716157343033,3.535206284098092,2.188793384556236,4.20220228055958,-1.931019209657836,-1.994068391906693,0.0022188981259913,32.21373014824893,23.89454515016851,40.18751058333668,1.9411941176470584,2.5393617647058826,3186.297,1.89105229539079,89.55710108399319
B0007,224,discharge,1.6876577363877656,3.53298522375534,2.1739523632140685,4.202001482736379,-1.930473835480344,-1.9931157642861432,-0.0005031657572301,32.09949526722965,23.747372758256024,40.14605167557969,1.9410206489675512,2.536268436578171,3176.438,1.89105229539079,89.24437153331117
B0007,228,discharge,1.6830744356583152,3.532158560934324,2.1783847786257136,4.202600613133091,-1.930551031475332,-1.9932876007572091,0.002667224750398,32.11305439113157,23.732576134274755,40.18846095484838,1.9408455621301768,2.5339201183431954,3167.593,1.89105229539079,89.00200379231205
B0007,232,discharge,1.6779270142025482,3.5308376380023527,2.191481814157953,4.202328519159183,-1.924719540998312,-1.9932567265208057,0.000550345930346,32.20371989479744,23.784085634385107,40.2789498830108,1.934930177514793,2.528144970414201,3167.719,1.89105229539079,88.72980500287017
B0007,236,discharge,1.6732060275966172,3.5296958440720005,2.1753473356526807,4.202855889678493,-1.9245739020356047,-1.993361006627344,0.0026001975071493,32.23340825772458,23.83125634938924,40.310727434969614,1.9347370919881304,2.5279406528189914,3159.077999999994,1.89105229539079,88.4801563486559
B0007,240,discharge,1.6674367208253988,3.5281819372126093,2.1832922624558813,4.202212609390717,-1.9243785304854075,-1.9942955362628867,5.813877826634093e-05,32.212169716369466,23.78037304316956,40.31733812871393,1.934542857142857,2.524907738095238,3148.829,1.89105229539079,88.17507188402843
B0007,244,discharge,1.6622662630667526,3.5265730179666974,2.192864020990023,4.202335745153063,-1.9184028799161776,-1.9951017113211476,-0.0006209850775538,32.21746401954225,23.770282871894263,40.332563430145015,1.9285922619047615,2.517339285714286,3149.094,1.89105229539079,87.90165492082501
B0007,248,discharge,1.6574243065763063,3.5245022548553444,2.156097212664392,4.201997273379946,-1.9181664471622712,-1.9939693898192543,-0.0008196546730972,32.23410177209762,23.76194654931583,40.431258866851486,1.9283797014925372,2.514916417910448,3140.547,1.89105229539079,87.645609305257
B0007,252,discharge,1.652538684928734,3.5228548406546385,2.138540138129487,4.201599523927098,-1.9180994998619485,-1.9959097500887344,-0.0005785652845972,32.228343983674435,23.75126365079373,40.46247985933005,1.9281646706586824,2.5120269461077847,3131.625,1.89105229539079,87.38725464951953
B0007,256,discharge,1.6472174627573322,3.522282912123785,2.1646493163558524,4.20196227209543,-1.9179522150902,-1.9950531920364836,0.0007067950076479,32.1833106060944,23.692389087728422,40.40103455658551,1.9279495495495496,2.512651651651652,3121.907,1.89105229539079,87.10586517211738
B0007,260,discharge,1.6364136810898071,3.5189923820688493,2.1187211383693167,4.202045571197949,-1.9116539768893372,-1.993252278498655,0.0025842973651256,32.17200142078129,23.642375027314003,40.4426971996319,1.9219447447447444,2.5025555555555554,3122.125,1.89105229539079,86.53455460107405
B0007,264,discharge,1.6362554312048496,3.51778442795708,2.1377868706438155,4.204697039833386,-1.911586551073689,-1.9934424013813437,0.0016296703790506,32.03316223587618,23.617774403005388,40.26214977673693,1.9219447447447444,2.4874864864864867,3121.672,1.89105229539079,86.52618625053486
B0007,266,discharge,1.641119179218384,3.521222605727349,2.103155697792567,4.203964293328523,-1.917648718820213,-1.993721164618022,-0.0003124695442695,32.506671891788216,24.167910537487234,40.64566836195685,1.9279489489489487,2.510990990990991,3120.86,1.89105229539079,86.78338421514901
B0007,270,discharge,1.6315700789656966,3.5172227884430147,2.186737546753024,4.201985395805308,-1.9111337702474196,-1.995080127131668,0.0010705188392996,31.96103948562093,23.55302449077993,39.95209030011925,1.921473111782477,2.4979365558912385,3103.828,1.89105229539079,86.27842196339309
B0007,274,discharge,1.621213282987236,3.5125010864221813,2.100774791159369,4.20178017149305,-1.9108556098369367,-1.9937540476262583,0.0012645403116355,31.798082670491866,23.15836420422582,40.16503458324407,1.9212351515151516,2.4944030303030305,3095.094,1.89105229539079,85.73074826850355
B0007,278,discharge,1.6164273214762122,3.5129614635074677,2.1417010068719846,4.202220537976551,-1.9049762303506044,-1.9934634318284483,0.0007746435520126,31.95802833708937,23.26175935743409,40.36674175781141,1.9151769696969696,2.486830303030303,3095.781,1.89105229539079,85.47766370163623
B0007,282,discharge,1.615823510161921,3.512520410039196,2.0912297625621297,4.2013887453306085,-1.905106852054852,-1.9955237523449136,0.0004752084007865,32.41813169746276,23.705879583857502,40.88269125311642,1.915176363636364,2.4847030303030304,3094.328,1.89105229539079,85.44573379066746
B0007,286,discharge,1.61672418029789,3.5151454557578807,2.166300950520593,4.201620573144587,-1.9049079394753687,-1.9937747556066168,0.0014730247330521,32.64044972789331,24.063147568932987,40.85633220225456,1.914917933130699,2.4900364741641337,3086.531,1.89105229539079,85.49336177737963
B0007,290,discharge,1.6108655863730026,3.513443179473182,2.1843637809529235,4.201668680267049,-1.898761620917719,-1.993529946094214,0.0007479343585839,32.56399373078006,23.95500402082536,40.7780246115985,1.908841945288754,2.480863221884498,3085.625,1.89105229539079,85.1835557535501
B0007,294,discharge,1.6006603374309376,3.509708940257453,2.113995772639173,4.202567159315787,-1.90433828068926,-1.9937950394148771,0.002791130516547,32.28305350922276,23.712966469853814,40.5829305350897,1.9143981651376143,2.4863058103975537,3067.203,1.89105229539079,84.64389595847521
B0007,298,discharge,1.5959174487005665,3.5042771471757,2.0287779476202195,4.201472345711643,-1.904192698545851,-1.994813747444024,0.0015411386303345,32.06065237439007,23.380469376342717,40.6345689985191,1.9141355828220856,2.4811717791411048,3058.157,1.89105229539079,84.39308910654778
B0007,302,discharge,1.5962179519462243,3.509207943122176,2.1948906641943635,4.201332830124454,-1.8982712229514884,-1.994905249607193,-7.384784317216585e-05,32.365261126964526,23.582488319458516,40.75070125010339,1.9080024539877296,2.475223926380368,3058.812,1.89105229539079,84.40897990165642
B0007,306,discharge,1.5958065114633972,3.5095064920492853,2.1621122251410005,4.201522880341636,-1.8977934870545985,-1.9940601969636649,0.0018530612527821,32.68851871366292,23.98206918597125,41.0672419235651,1.9080024539877296,2.4768435582822086,3058.578,1.89105229539079,84.38722267771132
B0007,310,discharge,1.5906507821480704,3.505203266169396,2.0092802451741245,4.201386492450036,-1.903643646720525,-1.9937194932286224,0.0040410194427514,32.747733642524246,24.051439279589804,41.40590880756584,1.9138713846153843,2.4807138461538463,3049.328,1.89105229539079,84.11458456358338
B0007,313,discharge,1.6888211161855506,3.5281182345919757,2.144268362237989,4.233325435700087,-1.936992342648715,-1.9937139334305616,0.0010773421833417,32.50500516961017,23.850620264439623,41.01558674901627,1.9469179941002948,2.5362300884955755,3177.219,1.89105229539079,89.3058917673428
B0007,316,discharge,1.6259938279733204,3.519590928396835,2.0962813773920197,4.203917718634026,-1.9233409193548263,-1.9940123642001173,0.0001619323178991,32.91993878980996,24.43569034018692,41.31851435911838,1.9331495440729485,2.5165531914893613,3082.937,1.89105229539079,85.98354640622486
B0007,320,discharge,1.6157433862812898,3.5146260368096875,2.037656085248936,4.202046403451837,-1.916884219356136,-1.9933319825535087,0.0025807635004239,32.948305858317944,24.481210786362457,41.4002950560853,1.9268512195121952,2.504871951219512,3074.266,1.89105229539079,85.44149679093846
B0007,324,discharge,1.6056626764846538,3.5115494818370454,2.050265845971926,4.201592874087554,-1.910472150518363,-1.9934516762680057,0.0003022515281129,32.76906651915661,24.22844716982348,41.2508092329952,1.9205125382262995,2.4941559633027524,3066.0,1.89105229539079,84.90842270191371
B0007,328,discharge,1.5949746921524348,3.510769869032659,2.1421639870693685,4.201214370586727,-1.904277326283454,-1.994203337533412,-0.0006093698061376,32.59734424608833,24.003142454503458,40.95362783962595,1.9141355828220856,2.484263803680982,3056.437,1.89105229539079,84.34323556466374
B0007,332,discharge,1.5904102438871943,3.50804494279531,2.093098662464846,4.201660608337926,-1.904002494100001,-1.9942540792901025,0.000577433970476,32.52349894408369,23.879196296054904,40.989022190981714,1.9138713846153843,2.4820215384615385,3048.219,1.89105229539079,84.1018647534828
B0007,336,discharge,1.5853517062988178,3.507748080950393,2.109503853325003,4.201750207865124,-1.9036546380501311,-1.999980148540772,0.001450116371467,32.578228834731775,23.935993772910926,41.02622774121347,1.913606172839506,2.48125,3039.218,1.89105229539079,83.83436619721833
B0007,340,discharge,1.5799737147242376,3.506667352106726,2.1295447836320704,4.201226117420626,-1.8977146678452772,-1.995744295058308,0.0003095311788683,32.62728298499839,23.980765847990668,41.01371342582121,1.9074345679012343,2.4743179012345675,3039.047,1.89105229539079,83.5499747191144
B0007,344,discharge,1.5752185465278068,3.50618439217454,2.138556110583413,4.201796973837129,-1.8973347377958825,-1.995283636272928,0.0007088973292597,32.652115712561326,23.999220368885872,41.04923314430273,1.907146749226006,2.474219814241486,3030.375,1.89105229539079,83.29851852152426
B0007,348,discharge,1.569798484648868,3.5051004339266254,2.143779366990932,4.201200470517945,-1.8970045774163773,-1.9943198333456515,0.0016972268277341,32.64767456395258,23.973654052530293,41.05277512550887,1.906860248447205,2.4726211180124222,3021.0,1.89105229539079,83.01190234003897
B0007,352,discharge,1.5702565375950357,3.5054479186890566,2.199196544880164,4.201289094579205,-1.8909127399289276,-1.9968908750212224,0.0050718814465873,32.6993879231031,24.01135599553165,41.02092182377061,1.900650310559006,2.46505900621118,3021.75,1.89105229539079,83.0361244595057
B0007,356,discharge,1.565249873909438,3.500074246846,2.0252901014990434,4.201033482375415,-1.8968789299198896,-1.9939195524210047,-9.090347803085198e-05,32.724576765133094,24.011740056772418,41.34840278359994,1.9065694704049845,2.46806230529595,3012.265,1.89105229539079,82.77136902689281
B0007,360,discharge,1.559633933561147,3.5011647157526498,2.0874226328484515,4.201482697501314,-1.8964710309338209,-1.9941986616958332,0.0010516290130581,32.70434030242972,23.99347983811607,41.23753665797544,1.906278125,2.46861875,3002.641,1.89105229539079,82.4743946723507
B0007,364,discharge,1.5649820533392105,3.500407285435189,2.0863200514042264,4.196165946742788,-1.8967768141795405,-1.9932029763532653,0.0024946169574364,32.74051962267582,24.069019867711653,41.21700308433066,1.9065688473520248,2.4662429906542056,3012.0,1.89105229539079,82.75720651161599
B0007,367,discharge,1.57497949984227,3.507816455272743,2.0588247910323827,4.205246397279064,-1.9031485600103597,-1.99697276936168,0.0002870995994081,33.38712825139849,24.773284683784794,41.89753189273277,1.9130689440993789,2.4838540372670805,3020.11,1.89105229539079,83.28587758683834
B0007,371,discharge,1.5652811168780458,3.5025243992110107,2.007722684403967,4.201509838937999,-1.9028574663381217,-2.0040394709724123,0.0011258644840676,33.270627344923426,24.60432088403771,41.90270996402953,1.912525625,2.477915625,3002.172000000006,1.89105229539079,82.77302117414882
B0007,375,discharge,1.559755497470126,3.505155823274424,2.190682586389996,4.201909525379603,-1.8963219640753084,-2.0003771874564404,0.0012275375949171,33.115074143665915,24.423639542020226,41.48233804274523,1.9059824451410656,2.471968652037618,2992.703,1.89105229539079,82.48082304608076
B0007,379,discharge,1.549897685670499,3.498364647513572,2.008435320437976,4.199865517000471,-1.908430732943726,-2.005293715624197,0.0010402847333103,32.90572814040102,24.19968791502018,41.6411622659972,1.9177443037974684,2.480443037974684,2964.468,1.89105229539079,81.95953593923268
B0007,383,discharge,1.543877153134502,3.500140843862167,2.164636064139996,4.200859733656452,-1.889754408573026,-1.9945472659822976,0.0003412651456227,32.953112654161664,24.11639369687997,41.433877603827945,1.8994006289308172,2.457301886792453,2983.375,1.89105229539079,81.6411665027728
B0007,387,discharge,1.5450187488690073,3.49909547013937,2.064742753691984,4.20162098338246,-1.895916758897512,-1.9938553434941435,-0.0006483552972097,33.2282109237263,24.459092848668902,41.8543569979417,1.9053905362776025,2.463328075709779,2975.297,1.89105229539079,81.70153478223752
B0007,391,discharge,1.5445940154102908,3.501035761164061,2.170172617792397,4.201149059944848,-1.889387844169526,-1.994538814315664,0.0027223591581976,33.361342590516294,24.609806274773607,41.78271326384125,1.899083911671924,2.4594227129337543,2974.9850000000006,1.89105229539079,81.6790746176111
B0007,395,discharge,1.5343086721758876,3.497212315865497,2.120750718982474,4.200810741834928,-1.8889185963670396,-2.0003871362753527,0.0017320639758289,33.12431679486816,24.334930769941984,41.62744766181303,1.8987645569620248,2.45646835443038,2966.25,1.89105229539079,81.13517938745419
B0007,399,discharge,1.5287603942958483,3.496089957852059,2.13627215665258,4.200373974181371,-1.8885071150010757,-1.996471333028226,0.0004949274212671,32.991553593266204,24.140776797393677,41.552128441464966,1.8984425396825395,2.452409523809524,2956.359,1.89105229539079,80.84178306554588
B0007,403,discharge,1.5289260249179843,3.495877119417779,2.093857236476905,4.201791474587699,-1.88881808207332,-1.9936433250812409,0.0010239776284218,33.2318318845246,24.39166057089849,41.839167194182565,1.8984419047619048,2.451746031746032,2956.344,1.89105229539079,80.85054171397351
B0007,407,discharge,1.529091650133123,3.493116071455022,1.9959465760122976,4.20067023466464,-1.8887930414931369,-1.9952567240378405,0.0018837863099458,33.5098123920945,24.67206702561961,42.23998716092915,1.8984431746031745,2.450768253968254,2956.406,1.89105229539079,80.85930007647583
B0007,411,discharge,1.5239059324661248,3.492655946458748,2.0305769860653866,4.20021831736756,-1.888168080257056,-2.001090966399853,-0.0001323108239163,33.382402850667845,24.56852628281145,42.04090238497712,1.8981191082802544,2.450671974522293,2947.266,1.89105229539079,80.5850761600015
B0007,415,discharge,1.5186675419100617,3.49208824531703,2.0758803797636745,4.200674971032527,-1.887904907597145,-1.9951199234830208,0.0011947086906479,33.17829959346276,24.34305560390618,41.803429062834496,1.897793610223642,2.449402555910543,2937.984,1.89105229539079,80.30806686899294
B0007,419,discharge,1.5136482266426952,3.490216477408044,2.079354904824249,4.200371214024706,-1.8877303662432203,-1.995116853206629,0.0010653130649685,33.01591345323486,24.0993140682898,41.6886924602386,1.8974666666666664,2.445839743589744,2929.125,1.89105229539079,80.04264241301145
B0007,423,discharge,1.5136050185229033,3.490593195862046,2.0585109366080414,4.200965645223048,-1.8878077163294116,-1.9949523118907797,0.0004787085189064,33.271000362987586,24.36377918362768,41.98817160118213,1.8974660256410252,2.4427371794871795,2928.454,1.89105229539079,80.04035754125528
B0007,427,discharge,1.5139470614867965,3.4911419366203664,2.0253107306977376,4.201492773602507,-1.887674933393443,-1.994323430810411,0.0014011551714919,33.61966967517867,24.74466282559706,42.33252236723314,1.8974660256410252,2.446830128205129,2929.375,1.89105229539079,80.05844498202711
B0007,431,discharge,1.5339599193158786,3.49283645226053,2.0069579017420067,4.192768207316796,-1.901022727285377,-1.9935581248677676,0.0001912373509952,33.29697162630193,24.95875411585554,41.63553796804361,1.9108541401273884,2.4654968152866243,2946.031,1.89105229539079,81.1167371232789
B0007,433,discharge,1.5391372798653098,3.5025157522808223,2.19792648712031,4.204602036514753,-1.8951144121477892,-2.002748484975491,0.0030058963802608,33.393130865360554,24.95211336056763,41.470498076928735,1.904790476190476,2.4678031746031746,2955.438,1.89105229539079,81.39051911027366
B0007,437,discharge,1.5236247972838737,3.492953565598811,2.0299415196572554,4.200995491738166,-1.8941478117057609,-1.9944619397860408,0.0013222402114302,33.13820710362847,24.59206034022774,41.54038193238441,1.9041814696485624,2.4597571884984024,2937.625,1.89105229539079,80.57020955991136
B0007,441,discharge,1.5135813035589147,3.491746263651724,2.117150391576778,4.201036137691208,-1.887504201472892,-1.993640903324712,0.0019620386177833,32.84069778843796,24.21295183077047,41.13947017697289,1.8974653846153848,2.4496891025641028,2929.078,1.89105229539079,80.03910347947992
B0007,445,discharge,1.5077850749847914,3.490432264232956,2.130989905274772,4.200762329918291,-1.887143404342272,-1.994011319738722,0.0007664599576748,32.75739655594484,24.08347032776052,41.09041922644824,1.897136977491961,2.447186495176849,2918.375,1.89105229539079,79.7325953734772
B0007,449,discharge,1.5031960676037333,3.488861416967918,2.129431831748565,4.201013677167557,-1.8807630082774924,-1.9944414808648836,0.00122567742659,32.77234087259374,24.06336388722212,41.10034021580957,1.890707395498392,2.4380707395498398,2919.812,1.89105229539079,79.48992586125676
B0007,453,discharge,1.497822059699588,3.4891932104785104,2.164511453629433,4.200439147859412,-1.886419275237733,-1.992734445097276,0.0028159136812845,32.720417557744895,24.014672446811392,41.03075447325996,1.896470550161812,2.4449093851132684,2900.422,1.89105229539079,79.20574504207774
B0007,457,discharge,1.492848534633516,3.487878571337592,2.1743012710834013,4.200264786461796,-1.8800039366336023,-1.994256304880574,0.0022981628295229,32.710022803073514,23.987947203431663,40.99688397371006,1.8899993527508088,2.436258899676376,2901.375,1.89105229539079,78.94274199989883
B0007,461,discharge,1.492414389867026,3.486430546073901,2.1928976284966537,4.200151660684939,-1.873336653737241,-1.993300105892976,0.0016961980319279,32.62076759783716,23.86413247301575,40.88481342461614,1.8835300970873787,2.426873786407767,2901.187,1.89105229539079,78.91978415957107
B0007,465,discharge,1.487482776538081,3.481257277522668,2.029849589914729,4.200453152662228,-1.879702248133121,-1.994355063355133,0.0003609582922841,32.57651826255201,23.796556329674623,41.09400879501426,1.8896428571428567,2.4304415584415584,2891.64,1.89105229539079,78.65899743564148
B0007,469,discharge,1.482535148640411,3.4823550791204023,2.095949224783681,4.200291122451955,-1.8790751470067304,-1.9927610429233324,0.0001961097375452,32.58396494906228,23.788802856443372,41.01377835587309,1.8892820846905536,2.430182410423453,2882.906,1.89105229539079,78.39736385153971
B0007,473,discharge,1.4827874322228984,3.4835074286280525,2.177723491219515,4.199877643371451,-1.8728728303565048,-1.9944391195904976,0.0015180809940599,32.623742674615976,23.82871891762843,40.90635248178393,1.882771335504886,2.42342019543974,2883.265,1.89105229539079,78.41070476141842
B0007,477,discharge,1.476971179775059,3.478976541530706,2.056251340337525,4.200436806124781,-1.872678642140012,-1.994379463643991,0.0005279711713773,32.58599202496769,23.743478109305848,41.06596192416311,1.882770684039088,2.4195342019543973,2882.969,1.89105229539079,78.10313778074762
B0007,481,discharge,1.4819015554137276,3.483501191305966,2.1512510632923165,4.193077426787744,-1.872734820116884,-1.992644974954703,0.0024042447038229,32.864544723781215,24.457169523678328,40.84520330629611,1.8831512987012984,2.4220162337662337,2891.656,1.89105229539079,78.36385905485969
B0007,483,discharge,1.4981366198874824,3.489970199409661,2.1693699073642034,4.203372086437543,-1.8800362373714223,-1.9933389783603288,0.000828308861303,33.079651096902374,24.575871874910508,41.12807910254104,1.89,2.439391585760518,2901.25,1.89105229539079,79.2223791768746
B0007,485,discharge,1.4820775214392872,3.484801138956006,2.116759239247948,4.202065190134895,-1.8730214281226412,-1.9933817364068824,0.0030675311032014,32.932141650182686,24.32851203519328,41.094988453128494,1.8831512987012984,2.4259870129870134,2891.703,1.89105229539079,78.37316424573085
B0007,489,discharge,1.4771155312812152,3.47835437960934,2.009424225590032,4.200086642861885,-1.8725486136074456,-1.9932411647857315,0.0030467354150696,32.755748003791545,24.08043303814577,41.11877573165318,1.882769381107492,2.4202671009771985,2883.016,1.89105229539079,78.11077117652985
B0007,493,discharge,1.4720772783056488,3.475694933923807,2.0034792344341588,4.199758658258613,-1.8724613181992065,-1.995591810750265,0.0021959636917793,32.52965474617847,23.77234297368613,40.98003499062696,1.8823869281045749,2.415506535947712,2873.453,1.89105229539079,77.84434528297595
B0007,497,discharge,1.472248013656454,3.481431873453954,2.172988732474185,4.199843161074874,-1.8659419458758728,-1.9935321227601952,0.0019190547671286,32.848065199041,24.13000363319517,41.017509953482886,1.8758522875816996,2.411320261437909,2874.031,1.89105229539079,77.85337387257239
B0007,501,discharge,1.4670106672274663,3.4796060336232357,2.087464676179042,4.200352076636086,-1.865786095147701,-1.9930538887372675,0.0021311239778481,33.072327061961936,24.398489581288885,41.299420742573055,1.8758535947712416,2.411274509803921,2874.234,1.89105229539079,77.5764197956411
B0007,505,discharge,1.461767249533538,3.47822589673296,2.110564313669325,4.200169604165679,-1.8654605849037516,-1.996737767854495,0.0025488236883237,32.85096451719535,24.15787591865575,41.105738037939375,1.875446557377049,2.410508196721312,2864.984,1.89105229539079,77.29914466651282
B0007,509,discharge,1.4566952670489708,3.4743233868367187,2.0724687293779813,4.199911577879335,-1.865134613881632,-1.9940890874950363,0.0015365248744252,32.572302329954546,23.833084099928943,40.87704013237699,1.8750368421052628,2.4068947368421054,2855.093,1.89105229539079,77.03093513592873
B0007,513,discharge,1.451354972758956,3.4737305453330443,2.1253826973270518,4.199564012073342,-1.858515986418667,-1.9932272893446616,0.0011522148915565,32.450684441760906,23.613836363374315,40.73021986226824,1.8684598684210527,2.396355263157895,2855.625,1.89105229539079,76.74853711324945
B0007,517,discharge,1.451615926257375,3.47481272321405,2.1147331324879475,4.199951033620322,-1.8588972649148483,-1.9966895581151056,0.0030918125678027,32.7394359440147,23.88537512458738,41.03226257370644,1.8684598684210527,2.395592105263158,2855.594,1.89105229539079,76.76233649357621
B0007,521,discharge,1.4468161332173683,3.476096426841386,2.1738445330859366,4.19995987158867,-1.858196967233421,-1.9930274022141448,0.0029628405126883,32.775898242252914,24.02342893757079,40.89527781087817,1.868025742574257,2.3981551155115515,2847.437,1.89105229539079,76.50852050701118
B0007,525,discharge,1.4467570607768785,3.4686822529487804,1.9947266977360072,4.200414702164272,-1.8581200056254088,-1.9935942445664656,0.0006568763083351,32.5817324044051,23.75894434400727,41.02491521192672,1.868025742574257,2.39276897689769,2847.36,1.89105229539079,76.50539672029024
B0007,529,discharge,1.4413797481446793,3.4661964701943586,2.0033802121225017,4.199552965128597,-1.8577209868352305,-1.994370314261552,0.0026276137551773,32.35021153014993,23.458006651239486,40.81596834579472,1.867588741721854,2.389692052980133,2837.328,1.89105229539079,76.22104114507394
B0007,533,discharge,1.4362456252208178,3.468183423895935,2.116470909151213,4.199706970400125,-1.8512458354075156,-1.9938361784378091,0.0021315502195588,32.28754240914786,23.312450683066256,40.65138669632271,1.8609675496688736,2.380748344370861,2837.281,1.89105229539079,75.94954559011889
B0007,537,discharge,1.4368154153924828,3.4678606629897453,2.051877342511651,4.199300346769649,-1.8514531972432,-1.9942060517882436,0.0003083819002708,32.603239183227075,23.67192071435474,40.965385542419945,1.860968874172185,2.380629139072848,2838.515,1.89105229539079,75.9796764422933
B0007,541,discharge,1.4362945145860049,3.4662499547181245,2.003221375307111,4.200086391757318,-1.8574211435317929,-1.993515247147098,0.0028170347777114,32.61208344144242,23.703251528067923,41.11319128215138,1.867148837209302,2.3878870431893686,2828.328,1.89105229539079,75.95213088960035
B0007,545,discharge,1.4418575315878015,3.462469269360201,1.9865974995249176,4.189989265375979,-1.857823928669184,-1.99378580594933,0.0021921104214289,32.26742656599958,23.32719332912165,40.78738321989129,1.867588741721854,2.3823311258278146,2838.265,1.89105229539079,76.24630662526647
B0007,548,discharge,1.4672063484781797,3.480518309485383,2.1908121182442706,4.202670619155847,-1.8658259561850363,-1.996213250941652,0.0023628760398125,32.637733704417855,23.97791363088396,40.73001188190229,1.8754472131147537,2.4111081967213117,2864.547,1.89105229539079,77.58676753965592
B0007,552,discharge,1.4518640367848883,3.4723137993738336,2.033261415031626,4.199186500777735,-1.8647784241320744,-1.993458887321793,0.0012510749735953,32.665258715232376,23.91927093515108,40.990354594470126,1.8746237623762376,2.4019966996699678,2846.39,1.89105229539079,76.77545672975995
B0007,556,discharge,1.44713797527485,3.474362108592906,2.19135439601875,4.199638763972608,-1.8578958465335809,-1.9936626344417876,0.0026139024713906,32.502652632323915,23.750323116940574,40.62521315513875,1.8675880794701984,2.394135761589404,2837.969,1.89105229539079,76.52553971151792
B0007,560,discharge,1.441790586562399,3.472282321238876,2.1840705012733683,4.200028390360542,-1.8511947629213037,-1.9935668796843675,0.0027107013781295,32.446842086875606,23.628172831563692,40.58944296824891,1.8609682119205293,2.383761589403974,2838.156,1.89105229539079,76.24276653144855
B0007,564,discharge,1.431630947911111,3.4701761898320465,2.1664368343684446,4.199347098159206,-1.8509042611451945,-1.9934697961408,0.0007252787010097,32.39361892904713,23.53981212995311,40.584393586876246,1.8605063122923584,2.380305647840532,2829.843,1.89105229539079,75.70551863639822
B0007,568,discharge,1.4318084249673686,3.4635011119445216,1.987193667465448,4.199148920577739,-1.850858274670624,-1.9934414275491172,-0.000179521434056,32.417221778010834,23.49802323358846,40.884444140401214,1.8605069767441864,2.375036544850498,2829.625,1.89105229539079,75.71490373149528
B0007,572,discharge,1.4262562585106868,3.467453100453348,2.1314172797434523,4.199648027535327,-1.8504182940365097,-1.9940355259074865,0.001281010018485,32.40094040453025,23.52742809133315,40.65159637790841,1.8600413333333328,2.3778833333333336,2819.437,1.89105229539079,75.42130177927987
B0007,576,discharge,1.4260877528924911,3.4675864728547845,2.188995882590831,4.199193175738452,-1.8436892876926971,-1.993771785891296,0.0005356664506589,32.36314241861482,23.458033825865048,40.53138082339522,1.853376,2.3693,2819.579,1.89105229539079,75.41239109930522
B0007,580,discharge,1.4212633510031694,3.462182535852444,2.032246494641712,4.199053572226856,-1.8498733070449755,-1.9938797141417293,0.0026041426376996,32.382600705235255,23.438813900162128,40.821433488540606,1.8595739130434783,2.371755852842809,2810.672,1.89105229539079,75.157273781763
B0007,584,discharge,1.4163272748795108,3.465962999117946,2.1695130053947387,4.199879744716988,-1.8432877207292044,-1.9940053249383376,0.0009364024885806,32.4323818014572,23.504429518319206,40.643362943412974,1.852885618729097,2.3662809364548494,2811.485,1.89105229539079,74.89625106252409
B0007,588,discharge,1.4165781829175994,3.4601727514874407,1.9917978280585305,4.198680179439704,-1.8494580225090995,-1.9936134940183787,0.0012154494508675,32.48861829940489,23.538505739106157,40.97063567014205,1.859102013422819,2.36960067114094,2802.422,1.89105229539079,74.90951923277514
B0007,592,discharge,1.4108401729425175,3.464226115253961,2.1534486462617077,4.199235005181635,-1.8426221358637016,-1.9932783787552537,0.0024889122249394,32.524062377970175,23.59680665310433,40.74888323397497,1.852392617449664,2.364956375838926,2801.625,1.89105229539079,74.60608976183624
B0007,596,discharge,1.4109949628347804,3.458799193390812,2.0101572712330453,4.198950996279868,-1.8427098003104343,-1.9936687629475545,0.0026875024090308,32.482615965621896,23.507102422227057,40.93461596721165,1.852392617449664,2.3605906040268456,2802.031,1.89105229539079,74.61427514584918
B0007,600,discharge,1.40617142903988,3.4620805499710854,2.132718741006573,4.199393701075195,-1.842239518040086,-1.9932378340066104,0.000994707873273,32.46389583182878,23.49103023425758,40.74175890345818,1.8518956228956227,2.3611683501683505,2793.39,1.89105229539079,74.35920373366997
B0007,604,discharge,1.4063358479692922,3.4578782949034514,2.0114763339798887,4.198994975977764,-1.842252843487983,-1.9929534332525367,0.002778008422878,32.55681404542561,23.555518771498985,41.00964443691023,1.8518936026936024,2.357814814814815,2793.39,1.89105229539079,74.36789830704656
B0007,608,discharge,1.4004552399066514,3.461590937144894,2.1610456063312298,4.198421699164089,-1.8356063485512333,-1.997554904717948,0.0017032344350931,32.576296430484255,23.595817643467868,40.80558697887537,1.8451636363636363,2.3525319865319867,2792.485,1.89105229539079,74.05692816217145
B0007,612,discharge,1.4217865046055154,3.462906230864041,2.0143553387267827,4.188887274283021,-1.8561013515700384,-1.9933150584565904,0.0005141412894631,32.81804879809979,24.482611948371623,40.92586026351328,1.8658107382550333,2.3804194630872484,2802.016,1.89105229539079,75.18493846367691
B0007,614,discharge,1.4324552720625434,3.47535804252648,2.1732119934933296,4.2050716026539625,-1.8574370794605968,-2.00603752072988,0.0016833616341213,32.92941193334214,24.737923198971707,40.57390100608222,1.866706,2.3909033333333336,2820.39,1.89105229539079,75.74910940083355
B0018,3,discharge,1.8550045207910817,3.5275462263272543,2.472160843460044,4.188195942647034,-1.9541761960216968,-2.012995081928318,0.0014590806056812,31.773285281389256,23.8195202516044,38.10180309676608,1.9443513661202183,2.567688524590164,3434.891,1.8550045207910817,100.0
B0018,7,discharge,1.8431955317089987,3.534835576186522,2.4114381994148304,4.186703558364525,-1.9474374301153288,-2.012643873951446,0.0031077708566253,31.92489159472864,24.314787074430125,38.14987995994155,1.9380259668508284,2.574022099447514,3425.485,1.8550045207910817,99.3633983664338
B0018,11,discharge,1.8396018424355425,3.538246596159443,2.394395968141027,4.188811210133346,-1.952051132347974,-2.0118244627327857,0.002173103354404,31.31691283374216,23.74169210144422,37.5266914843442,1.942836312849162,2.5820670391061453,3410.375,1.8550045207910817,99.16966895859798
B0018,15,discharge,1.8306736044962053,3.537697945111872,2.3999481734774424,4.188875360300162,-1.946091456212276,-2.0135271229076634,0.0019898436251189,30.821190751176527,23.227856809949373,37.06279237079503,1.9368157746478871,2.571304225352113,3404.719,1.8550045207910817,98.68836350412234
B0018,18,discharge,1.8327002069419656,3.542667604586918,2.3851461229395867,4.189908817357781,-1.9412796601390512,-2.014479287336525,0.0017914962991381,31.95346971511436,24.41464171159345,38.2110354381278,1.9312022598870056,2.5684887005649712,3417.641,1.8550045207910817,98.79761404357093
B0018,20,discharge,1.8285288846046388,3.5451037330477333,2.371677070838912,4.190509582057232,-1.940033881908304,-2.01246830059768,0.0026630542241708,32.02311236185272,24.695286535085184,38.17496505957075,1.9304615384615376,2.572752136752137,3411.766,1.8550045207910817,98.57274546289774
B0018,22,discharge,1.8212011895697924,3.5475142438631493,2.4964491577040797,4.1903241054041,-1.9335667184847716,-2.0129654127777004,0.0024302706501015,31.63453315807769,24.31366014142129,37.64038685475582,1.9240701149425288,2.567810344827586,3399.516,1.8550045207910817,98.17772243450524
B0018,24,discharge,1.815170010643328,3.544812433691423,2.4374506721131883,4.190302498850287,-1.9332161326561408,-2.0253396376938984,0.0073151778476343,31.288194921595714,23.917267950078497,37.37602884738843,1.923457391304348,2.563631884057971,3388.75,1.8550045207910817,97.85259228744273
B0018,27,discharge,1.8042980520967649,3.543478027416409,2.4152206992194847,4.188517549229078,-1.932595948997046,-2.0164107237206794,0.0013308719123062,31.11122470608501,23.65464110227768,37.28928029078695,1.9228538011695904,2.558219298245614,3380.406,1.8550045207910817,97.26650430627024
B0018,30,discharge,1.8231002302844224,3.543133206790044,2.377432309524995,4.191794143442699,-1.9387520938161948,-2.0137948590788683,0.0019160597964111,31.13166983979621,23.598003231352457,37.52377766578506,1.928967930029154,2.5672915451895046,3404.141,1.8550045207910817,98.28009634752516
B0018,32,discharge,1.8121253520255491,3.545155146280937,2.3887487262583647,4.190699409462101,-1.9319248326301843,-2.0130992718348324,0.0028767662739353,31.51305775907457,24.126322531318674,37.72420412562674,1.922387058823529,2.5626,3396.141,1.8550045207910817,97.68846014740458
B0018,34,discharge,1.8046916382117768,3.545032366549762,2.432289857016922,4.190263311275428,-1.9249594896453863,-2.012646457499825,0.0026282018790305,31.31102568785445,24.009919830527505,37.41366095304306,1.9156249258160236,2.556700296735905,3384.094,1.8550045207910817,97.28772183488542
B0018,36,discharge,1.790844349786295,3.5440892170496827,2.497495633221204,4.18970538556629,-1.9179528942264992,-2.011939908405691,0.0032049896807159,30.893964711700164,23.551364638150325,36.94724908852665,1.908868862275449,2.5484910179640714,3370.656,1.8550045207910817,96.54123910288773
B0018,39,discharge,1.783470722841926,3.541317108618481,2.478768686108376,4.188354430914051,-1.917373033348097,-2.013704827395307,0.0038464738146169,30.540598970902945,23.09050168217513,36.70709131205994,1.9081456193353472,2.540510574018127,3357.797,1.8550045207910817,96.14373996680884
B0018,42,discharge,1.7809386125310702,3.541197979542517,2.385849407868021,4.193543208571066,-1.918065242227558,-2.0130040542547274,0.0019820132803126,30.82566018736547,23.303464882146475,37.13061214416645,1.908073333333333,2.540351515151515,3363.015,1.8550045207910817,96.00723839592447
B0018,44,discharge,1.771209039672698,3.541255460524434,2.372854084449551,4.190238041929225,-1.9106033469326071,-2.014784153266325,0.0020341106534608,31.451400678644536,24.000119916961825,37.686600065941576,1.901058103975535,2.532669724770642,3357.734,1.8550045207910817,95.4827343988009
B0018,46,discharge,1.7686303996707076,3.5427478949705886,2.4086912736769084,4.19075698083662,-1.909404549449075,-2.0129355983090056,0.0030576354902658,31.518847747922937,24.22294874000798,37.633580732302406,1.9002553846153845,2.5351661538461543,3344.187,1.8550045207910817,95.34372449488482
B0018,48,discharge,1.7536304801917124,3.541251093602656,2.496331992137246,4.189715378549557,-1.896056770245541,-2.0117266911103093,0.0057259807892281,31.11237289077096,23.79566158754756,37.15252578645951,1.887244582043344,2.518058823529412,3339.969,1.8550045207910817,94.5351054693852
B0018,51,discharge,1.7462197416415093,3.5350260562177453,2.4199896352919668,4.187635645163932,-1.8948411660605733,-2.012077515518729,0.0035410701860686,30.586452588663985,23.127324953354822,36.78829001793698,1.886169375,2.509953125,3327.641,1.8550045207910817,94.13560571253055
B0018,54,discharge,1.7376647337053737,3.5326627624319777,2.3587321881999297,4.191004692440202,-1.90021436299665,-2.011349710066744,0.0036253848491611,30.24291302110412,22.780967262070934,36.541146197392216,1.891400630914826,2.51618927444795,3312.844,1.8550045207910817,93.67442042482638
B0018,56,discharge,1.7315166735475835,3.5333109441755526,2.4458096660548825,4.1906972904216495,-1.8936767267608487,-2.0122749284189503,0.0031433432763886,30.10270376338569,22.57870761159904,36.372087786130464,1.88444253968254,2.5047142857142863,3302.031,1.8550045207910817,93.3429894181155
B0018,58,discharge,1.7085949894470602,3.52738705832889,2.3808537751929744,4.185877977731026,-1.8739718829459888,-2.012448687975656,0.0026688208535405,30.25118485222193,22.714077867822585,36.52608510498833,1.8649783439490448,2.475640127388535,3305.547,1.8550045207910817,92.10732212762565
B0018,60,discharge,1.711469957068211,3.529602596572045,2.436955746154759,4.188109147549676,-1.8791764961687347,-2.012334644346066,0.0029159205825874,30.212407704391104,22.65890518865621,36.476252762052624,1.8701054662379415,2.48348231511254,3289.562,1.8550045207910817,92.26230652733616
B0018,63,discharge,1.7075021373272627,3.5289707694229837,2.4671365731790718,4.188302415854336,-1.8780560689384005,-2.0122688936966697,0.0037528750707342,30.12501100963617,22.50816742543085,36.37720890237669,1.869263430420712,2.4785307443365694,3283.797,1.8550045207910817,92.04840841029782
B0018,66,discharge,1.7492382064360228,3.5322741848919814,2.4129371999368505,4.18962510592865,-1.8993718818269212,-2.012513173999148,0.0019453368756264,30.22428629982563,22.614491386507936,36.64000948247426,1.8899275641025637,2.5105320512820515,3325.235,1.8550045207910817,94.29832579006579
B0018,68,discharge,1.7327697147429957,3.532438322521663,2.3497771039810256,4.190150750158746,-1.8926958551018207,-2.0129844574191207,0.0029083838216241,30.976376254737342,23.427272668893146,37.38165499248184,1.8828103225806443,2.502193548387097,3317.547,1.8550045207910817,93.4105386440806
B0018,70,discharge,1.7222313328292376,3.5363211310943603,2.4904700018477026,4.189151018945234,-1.8783667048362824,-2.013596799411644,0.00379619845149,31.41570291330098,23.95851287847354,37.59824760372582,1.8690272727272723,2.48763961038961,3311.766,1.8550045207910817,92.84243318688938
B0018,72,discharge,1.711846298984729,3.533535274219931,2.4650908929255406,4.189631312089484,-1.870834339681941,-2.0157162812456435,0.0037891536387384,31.383299841535276,23.961434154126863,37.56055515516341,1.8615614379084968,2.4779281045751635,3305.218,1.8550045207910817,92.28259445182906
B0018,75,discharge,1.699267835126687,3.527012841842043,2.363133281953362,4.187690359657657,-1.869656723463972,-2.0125462740568847,0.0035498928055129,31.167937826253635,23.619671716582488,37.52114200586718,1.8606164473684208,2.470144736842105,3295.453,1.8550045207910817,91.6045117993578
B0018,78,discharge,1.6940366439243106,3.52925730014011,2.4790616361836206,4.190215357888677,-1.8623726014599724,-2.012800439982786,0.0016492704051233,30.994690437264207,23.47871848419422,37.21887096740918,1.853080132450331,2.463758278145696,3287.0,1.8550045207910817,91.32250757005568
B0018,80,discharge,1.6819027078768087,3.527821497534469,2.491905723274248,4.189776104976122,-1.8547843408980225,-2.0132684044986244,0.0021901473038837,31.05531797855489,23.470322857025764,37.33441415744885,1.845574,2.451346666666667,3276.922,1.8550045207910817,90.66838862255429
B0018,82,discharge,1.6769770618433686,3.525692957415014,2.4337177596826547,4.189846430994002,-1.8538766950740675,-2.013231862286827,0.0024224604448448,31.373945543706103,23.769516048374253,37.7331798444306,1.8445805369127517,2.447838926174496,3268.687,1.8550045207910817,90.40285579078848
B0018,84,discharge,1.6655229306478936,3.5243962482347277,2.4424506461535755,4.188109551881256,-1.845735037450336,-2.0132145295965795,0.0022152306400403,31.56128410753226,24.001463155521236,37.84649344841882,1.8367094594594595,2.436908783783784,3260.594,1.8550045207910817,89.78538391580942
B0018,87,discharge,1.6571924575832084,3.520797576383474,2.4383419399858552,4.186368648390758,-1.838253855849893,-2.014122293372892,0.0039935721600975,31.318474723902877,23.69718990044221,37.6701649416618,1.829296271186441,2.42208813559322,3258.812,1.8550045207910817,89.33630290434469
B0018,90,discharge,1.6482241555294048,3.519457281260753,2.4157245398944123,4.1901657245031085,-1.8435676915974053,-2.0127023314619743,0.0030781141382558,31.104012325043943,23.49043258255704,37.53185198546868,1.8343876712328768,2.431705479452055,3243.422,1.8550045207910817,88.85283766459536
B0018,92,discharge,1.6387701497987262,3.513165600287965,2.323395712524894,4.189966178473989,-1.83704467002657,-2.013140654116361,0.0023451184424322,30.98973039800908,23.31675245518661,37.593333753421376,1.8279665480427043,2.417832740213523,3236.515,1.8550045207910817,88.34318900203323
B0018,94,discharge,1.6276486907262062,3.517217159454334,2.4985039496028567,4.188259618341401,-1.8211904293154169,-2.014033000339436,0.0041509497980638,30.967851972472324,23.252438684811104,37.36141011067826,1.812067820069204,2.3934256055363323,3230.734,1.8550045207910817,87.74365089051547
B0018,96,discharge,1.62215370227252,3.5120091114107965,2.350237238739749,4.18974005757658,-1.8270453339799269,-2.012673084048405,0.0030923276022194,31.285342046153826,23.493229087742925,37.89980324671546,1.8177714285714284,2.3996132404181187,3222.093,1.8550045207910817,87.44742581978934
B0018,99,discharge,1.6140066510467586,3.50911052654104,2.3337740352348813,4.1862359225351335,-1.819052179250902,-2.012635202899368,0.0061969698057655,31.41096207271253,23.64731684697707,38.03149707759718,1.80998041958042,2.3858146853146858,3220.344,1.8550045207910817,87.00823275398015
B0018,102,discharge,1.6760516154424625,3.516106699716392,2.317647291087635,4.189625262426538,-1.869374596949812,-2.01318368468478,0.002701103444968,30.755137125871208,23.01653902765608,37.42220155418978,1.860028472222222,2.46078125,3250.75,1.8550045207910817,90.35296661852321
B0018,104,discharge,1.649300642552199,3.519010068254593,2.492394514304757,4.186586244011676,-1.839770443871628,-2.012193154001789,0.0036285932240811,30.977446633931525,23.38270318088717,37.32511174435206,1.8309419580419584,2.422444055944056,3239.344,1.8550045207910817,88.91086916860135
B0018,106,discharge,1.63238299185809,3.512421274222929,2.372828310153791,4.189366482043888,-1.837963396328485,-2.012774153678253,0.0076414091098653,30.800512192698992,23.141477779700992,37.31088262198154,1.8291441696113075,2.4184169611307422,3222.25,1.8550045207910817,87.99886865838727
B0018,108,discharge,1.6164159719025777,3.50815215295169,2.3560703177076867,4.188553804618968,-1.8296109578903783,-2.012946778665685,0.0076760090804765,30.616192795676135,22.876954081867613,37.23234655688736,1.8208199288256228,2.40270462633452,3206.157,1.8550045207910817,87.13811496336645
B0018,111,discharge,1.6109028378249377,3.508648568515266,2.4644431530094417,4.188764708195774,-1.8210831511954937,-2.0135827897679706,0.0028721856858407,30.399839302766903,22.56634750757244,36.94850857727268,1.8123935483870968,2.384924731182796,3197.969,1.8550045207910817,86.84091169427205
B0018,114,discharge,1.5954638693695655,3.505199343959548,2.4195167274486726,4.188636968174337,-1.8199201144788144,-2.013020303951627,0.002949186928343,30.38386825126278,22.54982312188728,37.002663545357386,1.8110570397111916,2.384595667870036,3181.625,1.8550045207910817,86.00862431802415
B0018,117,discharge,1.726707440085764,3.523165280193865,2.3422406504312434,4.188466199744378,-1.8951156248467715,-2.023314533825632,0.0073633480208382,30.576239500422748,23.125008977470344,36.71025442949399,1.885913621262458,2.502069767441861,3302.36,1.8550045207910817,93.0837321813855
B0018,119,discharge,1.7165673917429751,3.527269876472835,2.3755467142668496,4.189570916346704,-1.8867694858233448,-2.012680983917414,0.0032934948283157,30.705906284556665,23.408964388688208,36.72807623650589,1.877986577181208,2.492510067114094,3285.812,1.8550045207910817,92.53710017973061
B0018,121,discharge,1.6958235570934848,3.526762654741574,2.414629137532592,4.189584987657955,-1.8786631828974332,-2.0115911942512583,0.0042866807827426,30.62583594950684,23.270929426489836,36.72959308355185,1.8699830508474573,2.4844983050847453,3260.016,1.8550045207910817,91.4188368861919
B0018,123,discharge,1.6777783190792557,3.523020179476104,2.3844645496129964,4.189371286385834,-1.8704748023295987,-2.01260531537844,0.0041838989344953,30.59735706865797,23.203934391629986,36.787462351640364,1.8617883561643835,2.4680890410958907,3240.031,1.8550045207910817,90.44605014567585
B0018,125,discharge,1.6606586897774192,3.519792345798265,2.398646371281655,4.187606340824144,-1.856283397120224,-2.0134407767806635,0.0023580257907636,30.528493896066266,23.12071549691479,36.75689163314213,1.8472606896551724,2.439379310344828,3232.265,1.8550045207910817,89.5231613273491
B0018,128,discharge,1.6664109274827466,3.5251014582287223,2.4557130111721626,4.188829347125095,-1.862535475437064,-2.0130995106645164,0.00267333792564,31.20375424610397,23.773481587876255,37.35015763097096,1.8535716262975777,2.4549584775086504,3232.031,1.8550045207910817,89.83325424846362
B0018,130,discharge,1.6468336174407805,3.518519199837846,2.323665882820083,4.189202115880737,-1.8606833274060013,-2.0125662318740924,0.0039143523414103,31.17263944933504,23.734039908264887,37.48126030855565,1.8519230769230768,2.4480489510489507,3209.5149999999994,1.8550045207910817,88.77787622525443
B0018,132,discharge,1.6257639928779952,3.5190801794284594,2.488054079510012,4.186778882107656,-1.8383636766891704,-2.026718552407948,0.0109793009845511,30.96825922704022,23.549534792728995,37.12544389762631,1.829798591549296,2.422338028169014,3196.125,1.8550045207910817,87.64205017595725
B0018,134,discharge,1.6121577411874597,3.511416727290241,2.3306937114568003,4.187888599491238,-1.84369585881154,-2.013261835361458,0.0143059566058354,30.821704306343133,23.30725669183149,37.19112571388883,1.8351195729537368,2.424800711743772,3172.562,1.8550045207910817,86.90856130635962
B0018,136,discharge,1.6057366823755344,3.5108038681605738,2.389399831578687,4.18915752014188,-1.8362729789790888,-2.0186878439171223,0.0025621455991493,30.765219721637397,23.14397688753905,37.17642722353301,1.8274271428571427,2.408760714285714,3172.735,1.8550045207910817,86.56241342693627
B0018,141,discharge,1.673645314879889,3.51432611790755,2.4864200723178747,4.191289655270872,-1.864690278795044,-2.012371641203182,0.0041319662841082,30.809988428281613,23.07707229087829,37.11936678632194,1.855558422939068,2.453232974910394,3238.109,1.8550045207910817,90.223247227783
B0018,143,discharge,1.6404348572349936,3.5196664048265607,2.4673631110639858,4.190628233635541,-1.8572649157581864,-2.013097827670719,0.0029691316095712,31.03903359070028,23.56722203053731,37.2702464066457,1.8483146953405016,2.448903225806452,3191.063,1.8550045207910817,88.43293042409496
B0018,145,discharge,1.6132653317422077,3.512403849382274,2.375173080957567,4.189158279329032,-1.8483454421357692,-2.0125787987088013,0.003942489066878,31.04176453157222,23.53336339767724,37.39550861947664,1.839389855072464,2.4323369565217394,3165.828,1.8550045207910817,86.96826954654632
B0018,147,discharge,1.5920964324686278,3.5077862234460104,2.371626022111289,4.185868202467219,-1.839168422289249,-2.015019692764474,0.0034682912763662,30.95978419551177,23.381334724831305,37.378956702246384,1.830292307692308,2.412333333333333,3140.407,1.8550045207910817,85.82709177386076
B0018,150,discharge,1.5866011820698824,3.5076596102713244,2.463955873060647,4.186906972044146,-1.8303326102702335,-2.020734675534358,0.0048036839728926,30.843513277103145,23.16774870033671,37.245718322158105,1.821681918819188,2.398937269372694,3131.922,1.8550045207910817,85.5308525821416
B0018,153,discharge,1.580076649033625,3.507483356587461,2.475545296633258,4.189576283423886,-1.829290599843924,-2.012930230685489,0.0015615748555885,30.797157400797865,23.12031050968657,37.21755583353321,1.820474349442379,2.39917843866171,3121.109,1.8550045207910817,85.17912659101168
B0018,155,discharge,1.5641732953289167,3.502386593344072,2.3791563087604626,4.189808713646982,-1.8278449003095163,-2.0135210876274656,0.0030432402930327,30.98443458075409,23.27342231930282,37.56150979821064,1.8191123595505616,2.3946779026217224,3105.265,1.8550045207910817,84.32180503052695
B0018,157,discharge,1.555618272193922,3.503693493885047,2.4776158338943337,4.188889298039903,-1.8188198987741453,-2.013049747683001,0.0038725843255058,30.967899275139946,23.278670276560845,37.4174791317661,1.810126037735849,2.3815018867924524,3091.25,1.8550045207910817,83.86061892347928
B0018,159,discharge,1.5402045278637395,3.4989948462048117,2.4205549690097223,4.188220838257245,-1.817194042260449,-2.01215000710487,0.0037249670985359,30.976616345195183,23.22385871065304,37.55101533655474,1.808690494296578,2.3755247148288974,3076.703,1.8550045207910817,83.02969133503281
B0018,162,discharge,1.5321613015959863,3.495405576723954,2.415388497112405,4.186454063976498,-1.8157980815469452,-2.0124985987201267,0.0037645779343444,30.89768961926806,23.02720747705709,37.59895044072871,1.807226819923372,2.3658122605363987,3062.328,1.8550045207910817,82.59609528835993
B0018,165,discharge,1.5316232403693415,3.494528300232307,2.3974205597873093,4.1895672733133145,-1.822108117298183,-2.013303363874512,0.0032327560058023,30.81568822237933,23.026059458250696,37.48923978216981,1.8134602316602315,2.378710424710425,3050.563,1.8550045207910817,82.56708936300427
B0018,167,discharge,1.5222595950771978,3.496255482779393,2.497752653580319,4.189297764105604,-1.8129628028687812,-2.0127782408337165,0.0041669753720565,30.72618807915112,22.903021044448277,37.37911114363861,1.8042622568093385,2.366105058365759,3034.672,1.8550045207910817,82.06231187124104
B0018,169,discharge,1.5065267126851285,3.48769646191346,2.3726090777895896,4.186793087812023,-1.8044876731207795,-2.011894643612056,0.0040697572728226,30.76818712651005,22.833484092130533,37.559604168615785,1.7956921874999998,2.345828125,3031.25,1.8550045207910817,81.21418011653459
B0018,171,discharge,1.5014219556532926,3.486547580844067,2.36844257542991,4.188594535127793,-1.809986175960184,-2.0125266173463885,0.0038292070941918,30.775415173787835,22.85810521586403,37.61805450748922,1.8011913043478265,2.353517786561265,3011.343,1.8550045207910817,80.93899172887186
B0018,174,discharge,1.4963534117486457,3.482298183882304,2.331968556073514,4.186295492358637,-1.8090400456598723,-2.0121939690963395,0.0033564516364867,30.761821976538275,22.7394182895468,37.71101994346608,1.8004,2.3438452380952386,3003.0,1.8550045207910817,80.66575552659644
B0018,177,discharge,1.5334262000312422,3.491819481711868,2.4057755306304176,4.187384370589753,-1.827369123350144,-2.0205100517708847,0.0109524865829472,30.913721930762733,23.009880638439665,37.767989299214086,1.8185458823529408,2.381392156862745,3045.187,1.8550045207910817,82.6642837170715
B0018,179,discharge,1.523845267514426,3.493995853241935,2.4720838848798987,4.188929264481706,-1.8180385592622927,-2.0131819742858483,0.0022373072205481,31.22821565316561,23.372100245576046,37.91919394450186,1.8090909090909093,2.3730948616600798,3028.469,1.8550045207910817,82.14779265683784
B0018,181,discharge,1.501192099426124,3.484377015629623,2.342731326096539,4.185269759332432,-1.8085351614741645,-2.013496073486494,0.004404973809935,31.261679783387308,23.43219431814089,37.99328509003338,1.7995976095617527,2.347454183266932,3012.937,1.8550045207910817,80.92660058779417
B0018,183,discharge,1.492417671450291,3.4859116793558376,2.4198650452188226,4.18799771486628,-1.806804118492653,-2.0122733205325782,0.0017801770008862,31.18408593575448,23.29259934340576,37.984838024989045,1.798001606425703,2.348277108433735,2998.875,1.8550045207910817,80.45358675534857
B0018,185,discharge,1.483323851940123,3.484278753976678,2.438879997223475,4.187899339921793,-1.8050190987020625,-2.013027320256293,0.0031984883317318,31.001432353085377,23.09939775777157,37.8288851383529,1.7963781376518213,2.338991902834008,2983.547,1.8550045207910817,79.9633550923934
B0018,188,discharge,1.4807376792294196,3.482988652120672,2.430465824271706,4.1882916128809375,-1.8118563821702207,-2.012954260463709,0.0033492168235809,30.981374033120872,23.03846743756316,37.844837975501,1.802892244897959,2.347489795918367,2966.86,1.8550045207910817,79.82393911352555
B0018,190,discharge,1.4735077809902477,3.483799876979844,2.4907267597860656,4.187409532380725,-1.8021525551783737,-2.012741175686338,0.003924536033092,31.088687926688607,23.11094770365509,37.8984610468502,1.793182716049382,2.332164609053498,2954.797,1.8550045207910817,79.4341881367415
B0018,192,discharge,1.46801928526661,3.4787540756450497,2.367832802864477,4.188656943531829,-1.8092953592546852,-2.013377348559974,0.0023277056862263,31.336420133762665,23.4240998983518,38.27784043980244,1.8004537190082643,2.344665289256198,2945.735,1.8550045207910817,79.1383130775639
B0018,194,discharge,1.458092355711902,3.4752194351784507,2.3532703553328904,4.188198669984733,-1.8000309691416814,-2.013211476410487,0.0035939400914024,31.22599987103565,23.21101499325785,38.24434303919528,1.7913327800829877,2.3332033195020747,2941.375,1.8550045207910817,78.6031699313642
B0018,197,discharge,1.44786609888914,3.470739535801023,2.362897904778893,4.184528192003684,-1.7981302589297092,-2.014293661039269,0.0048263432801782,31.0373234886888,22.93446707088835,38.06956259266949,1.789596652719665,2.322623430962343,2923.953,1.8550045207910817,78.05189058362434
B0018,200,discharge,1.4527808777541982,3.474600910003521,2.420200016704328,4.1927676322495895,-1.8058248446047425,-2.013245286480298,0.0030147593152949,30.811349225731828,22.715597927537367,37.81744565252647,1.7971235294117645,2.337966386554622,2921.031,1.8550045207910817,78.31683758563824
B0018,202,discharge,1.4425356364492432,3.4740521567700093,2.472605886588914,4.187873640279204,-1.795955865281378,-2.0138967840468363,0.0018891165203542,30.93222317974605,22.816866662883296,37.90256777035479,1.7870338983050844,2.321927966101695,2902.75,1.8550045207910817,77.76453481817188
B0018,204,discharge,1.4392712877203313,3.475075728648004,2.483165462226557,4.1880559282136725,-1.7951057003644757,-2.0132739002306224,0.001403219773102,31.215527070380897,23.144424017860068,38.16628336469349,1.786205106382978,2.321234042553192,2897.875,1.8550045207910817,77.58855957432074
B0018,206,discharge,1.4286475681888218,3.472424307596416,2.434198683008624,4.188063095530185,-1.7940097981352856,-2.0131642650090824,0.0030231667836495,31.40079708433756,23.36546101646915,38.36789486715962,1.7851470085470085,2.3195982905982904,2892.094,1.8550045207910817,77.01585371768061
B0018,209,discharge,1.4249026750004896,3.471751102262539,2.497859027600416,4.185913481526783,-1.7841592631620102,-2.012453716602352,0.0024527231990189,31.25921326972124,23.10859423301546,38.19823604401131,1.7756489270386264,2.302519313304721,2886.921,1.8550045207910817,76.81397317526904
B0018,212,discharge,1.4698115324524124,3.4745407296058963,2.374740845794832,4.187259539606346,-1.8136320536623207,-2.013506755621097,0.0031177160092426,31.134701292957462,23.10528361267006,38.09998280757164,1.8047063291139245,2.349945147679325,2942.531,1.8550045207910817,79.23492994106556
B0018,214,discharge,1.4525819651050202,3.471720060423485,2.3589340839760866,4.187670932765983,-1.810960446087532,-2.014872086495032,0.0025045836690967,31.246879695988092,23.26167836334653,38.21452378284136,1.802108547008547,2.3449188034188038,2912.469,1.8550045207910817,78.30611455790711
B0018,216,discharge,1.442834198908794,3.471398409828823,2.4413266342198545,4.187836103953847,-1.800802328247715,-2.012630004080512,0.0016023425232613,31.027558674438325,23.027044613835702,37.93969653616424,1.7917603448275865,2.3282887931034484,2895.594,1.8550045207910817,77.78062979024362
B0018,218,discharge,1.428376058807949,3.4626491088970703,2.311419659807122,4.18719517574786,-1.798647877727257,-2.012054810012164,0.0024115620742285,30.931917385258963,22.78902352526249,38.06666733482501,1.7899356521739134,2.3198782608695656,2884.406,1.8550045207910817,77.0012171290454
B0018,220,discharge,1.4154547844370715,3.466072725920186,2.495315923820125,4.183339938829854,-1.7804067367547436,-2.011816454093025,0.0039222395137717,30.667082236656015,22.47935333131366,37.63260475617888,1.7716611353711793,2.2893668122270743,2873.766,1.8550045207910817,76.30465417051595
B0018,223,discharge,1.454576670077708,3.473067053341288,2.4398479869382084,4.192209704853633,-1.8167125180994763,-2.0147251295387147,0.0032022373391061,31.22678910771077,23.14563143539215,38.18223603956323,1.807627826086956,2.350430434782609,2893.375,1.8550045207910817,78.41364556121901
B0018,225,discharge,1.4283179548274056,3.4668548162926327,2.376538319699514,4.186622455926472,-1.7981268087177564,-2.01362953818943,0.0022908479361973,31.387733116648285,23.299987417730907,38.3907466519188,1.7893737991266367,2.319371179039301,2884.9839999999967,1.8550045207910817,76.99808484662279
B0018,227,discharge,1.4197026883204058,3.46527367520258,2.3722299202290382,4.186945959000922,-1.796443922299482,-2.0143431411678145,0.0027427735050577,31.50566683829289,23.43938495660897,38.51622654624205,1.787525110132158,2.3141453744493394,2870.234,1.8550045207910817,76.53365112635747
B0018,229,discharge,1.4155606630306516,3.4638878223448684,2.361475505115684,4.18744003081614,-1.795371462470329,-2.013805013275104,0.0024947638057852,31.5462258449116,23.52414825084503,38.56612180540248,1.7864991150442473,2.313601769911505,2864.11,1.8550045207910817,76.31036189749955
B0018,232,discharge,1.405680035419228,3.457807923440064,2.317937855025735,4.1845980039811215,-1.7937175263130196,-2.0140103653857677,0.0036577323801656,31.38997788229748,23.166973356692417,38.5606541602861,1.7846446428571423,2.30109375,2846.64,1.8550045207910817,75.77771480684933
B0018,235,discharge,1.4084461071166137,3.459813554486507,2.3372859753156225,4.186742025132256,-1.801451773488821,-2.01313706710909,0.0021603358076119,31.385433749863733,23.27596280218644,38.53842073636507,1.7926789237668157,2.31747533632287,2839.532,1.8550045207910817,75.92682882066349
B0018,237,discharge,1.3968547782872414,3.458027727779737,2.35288102649522,4.1871520936423146,-1.791521575337878,-2.0146560328783325,0.0039719594997676,31.423707199142054,23.24250038456045,38.548873480234754,1.7827513513513509,2.302243243243243,2832.703,1.8550045207910817,75.30196086484692
B0018,239,discharge,1.3935670371440676,3.4613996718507845,2.4646122144537173,4.187096292904282,-1.7816941240706174,-2.013905602750019,0.0035004779826549,31.435368910968148,23.25643130784119,38.45838357496903,1.772756561085972,2.290009049773756,2827.077999999994,1.8550045207910817,75.12472457747809
B0018,241,discharge,1.3893644292809475,3.461128547669321,2.4684655225527004,4.187367312766795,-1.7797379985412234,-2.0129862192992305,0.0019150019110163,31.542375291159843,23.40948042071164,38.54382874673793,1.770660273972602,2.2865068493150686,2821.531,1.8550045207910817,74.89816944965945
B0018,244,discharge,1.378565141566671,3.455556822823358,2.409292353940073,4.18534593452204,-1.7856528650965158,-2.0130373888261315,0.0035633455174765,31.52669677306915,23.25216185853628,38.650883957434026,1.776681481481481,2.285481481481481,2805.156,1.8550045207910817,74.31599902402237
B0018,247,discharge,1.384901110085747,3.459598362944341,2.477625480372779,4.186646524222555,-1.7784070647657095,-2.012440412153309,0.0025270257598763,31.43592191429037,23.267794615238977,38.45654834997334,1.7696045871559627,2.28244495412844,2814.906,1.8550045207910817,74.65755983684312
B0018,249,discharge,1.3703251814242443,3.4506569891269216,2.335608852853518,4.184730834033599,-1.7778412667349817,-2.014185743260078,0.0023090961991655,31.47523811288649,23.18183250077672,38.6564130442344,1.7685695852534558,2.270115207373272,2801.156,1.8550045207910817,73.87179740348331
B0018,251,discharge,1.3733464385229082,3.455515243082573,2.441999086782534,4.187175976285891,-1.7764462760420034,-2.014463667770562,0.0027455024461359,31.5817445550721,23.347201662807525,38.655587491253975,1.7675111111111108,2.276078703703704,2794.187,1.8550045207910817,74.03466800917732
B0018,253,discharge,1.3679487285504814,3.455840338587253,2.465168783147216,4.186108406696249,-1.7752748972563317,-2.013348921415113,0.0035376525560346,31.647958536134297,23.433341482891272,38.6997087046862,1.7664120930232552,2.2748976744186047,2785.391,1.8550045207910817,73.7436870486498
B0018,256,discharge,1.3567141087089647,3.448678293668265,2.370892032033162,4.183460397462309,-1.7742013268724648,-2.013428528654807,0.0077713611972704,31.662032275252905,23.298067848672567,38.87481687744787,1.7653336448598125,2.2649299065420565,2779.5,1.8550045207910817,73.13804864100184
B0018,259,discharge,1.4604310209194575,3.474503178644755,2.461879783248223,4.187091541628412,-1.8196650877007408,-2.01277944734302,0.0026017060660145,30.434500875864146,22.45542569835154,37.36397452607736,1.8106107623318377,2.353973094170404,2899.234,1.8550045207910817,78.72924322020762
B0018,261,discharge,1.4500998937104097,3.474031881945217,2.424706636890725,4.18736921126964,-1.809683685421604,-2.0200047420918392,0.0091134131538031,31.017997058077015,23.061560846748243,37.88258787662229,1.8007792792792787,2.340905405405405,2894.922,1.8550045207910817,78.17231049614925
B0018,263,discharge,1.4381406901824496,3.474404210386772,2.444722297403138,4.187597633155394,-1.7993287687468955,-2.0133646895300226,0.0037645837135773,31.39483761465523,23.475330204930167,38.15898073660424,1.7906696832579183,2.3295203619909506,2888.25,1.8550045207910817,77.52761106852412
B0018,265,discharge,1.4283681980964316,3.471767043833224,2.443569395327192,4.187608979498198,-1.7959419603883284,-2.014594160102108,0.0043292079445975,31.24511885640641,23.342810660410983,38.05243159675446,1.787275,2.324389423076923,2873.906,1.8550045207910817,77.00079337204485
B0018,267,discharge,1.4147874517552432,3.468530527297593,2.4666000274194886,4.186194120124063,-1.7956017209600372,-2.012470648259109,0.0041484754975605,31.05306925187263,23.05129068270268,37.89096376444466,1.78683133640553,2.314373271889401,2847.406,1.8550045207910817,76.26867945054364
B0018,270,discharge,1.413889163393182,3.46512136466626,2.4272514813701016,4.186991375693876,-1.7929541659933774,-2.0131822133527364,0.0047242265159618,30.88589263299331,22.88189492356489,37.81203585126145,1.784205853658536,2.3094634146341466,2849.281,1.8550045207910817,76.22025431993113
B0018,272,discharge,1.3989331662177225,3.4652879859475885,2.4762628371779,4.185443351643291,-1.784474211719448,-2.0130225462243683,0.0013113732243447,31.053992379018933,22.92564951928596,37.9591954678784,1.7757302325581386,2.296106976744186,2833.688,1.8550045207910817,75.41400306782735
B0018,274,discharge,1.3953322584033976,3.461799526154992,2.3607989727330003,4.186308413669027,-1.793581043096934,-2.0189079388265974,0.0025506726829285,31.492840068071885,23.43880589131317,38.52104349883516,1.7840532710280366,2.304943925233645,2826.453,1.8550045207910817,75.21988452127043
B0018,276,discharge,1.390046129540245,3.463260140320492,2.377011586588198,4.187179397572641,-1.7920645354970144,-2.012765928007659,0.0078113986722275,31.93832684630049,23.89396136161553,38.87868799770175,1.7830206572769949,2.30437558685446,2818.312,1.8550045207910817,74.93491870022228
B0018,279,discharge,1.3860271454209647,3.462839429201602,2.456756319667845,4.1854460754417,-1.7809541104468565,-2.013042493892728,0.0028245095443,31.74562722135923,23.63803692335084,38.65118899876309,1.772414150943396,2.28461320754717,2812.7189999999973,1.8550045207910817,74.7182624023947
B0018,282,discharge,1.388215260193751,3.4569152237960306,2.3277314025979847,4.193052368415502,-1.7989851707207014,-2.012206599766764,0.0024228717534561,31.31018499405759,23.13184070770573,38.434235278537344,1.790287203791469,2.3094834123222747,2803.5,1.8550045207910817,74.83621978461461
B0018,284,discharge,1.3761826562394497,3.4574690175816127,2.4537913827403948,4.186241953638429,-1.7873231599598716,-2.012141821898546,0.0031921291370735,31.12736034547181,23.032251614508017,38.10387572433,1.7787224880382773,2.289468899521531,2783.25,1.8550045207910817,74.18756347033406
B0018,286,discharge,1.3647168898640163,3.45021917812178,2.3475608877759067,4.186011006323472,-1.7861666392556754,-2.01231372073967,0.0039249640645347,30.985550813719595,22.829010081336715,38.12742842632319,1.7776624999999997,2.2845961538461537,2776.391,1.8550045207910817,73.56946436346267
B0018,288,discharge,1.3589854739373584,3.448672805179396,2.3558347560196564,4.18675624032869,-1.7849995504167615,-2.0131811880616888,0.0021019743314778,30.89965328075741,22.67782621456358,38.03962943213698,1.7765951690821251,2.2804057971014493,2766.516,1.8550045207910817,73.2604939074654
B0018,291,discharge,1.34623087640088,3.444632719716698,2.379110236294476,4.1831553230638425,-1.778331020505836,-2.013273464922821,0.002880850510536,30.70612364496648,22.35025648802666,37.85657903247749,1.7699512437810945,2.266696517412935,2751.516,1.8550045207910817,72.57291620112973
B0018,294,discharge,1.4268427818454643,3.467272639213176,2.444740635238248,4.191989955143364,-1.809775952165901,-2.013950042532596,0.0031832258024873,30.47122187456595,22.367517988223096,37.43017193410286,1.8007009433962262,2.331316037735849,2848.859,1.8550045207910817,76.91856089045949
B0018,296,discharge,1.4064481483279665,3.464490491162134,2.431867772331712,4.185628679672912,-1.7896694300229208,-2.012375320433943,0.0020467170443975,30.939221783021114,22.904023394656047,37.8264149292754,1.7808132701421802,2.3021184834123223,2840.016,1.8550045207910817,75.81912240991065
B0018,298,discharge,1.3934907492075153,3.459667012281024,2.344037291947413,4.186834478731371,-1.79700972481249,-2.0124205467796688,0.0033289159470451,31.11164063156189,23.11186259982214,38.08307173716899,1.788268899521531,2.3096411483253587,2817.375,1.8550045207910817,75.12061203027417
B0018,300,discharge,1.3882493512249316,3.462241956955771,2.456436863057259,4.186613091061155,-1.7861513769566684,-2.0131578787415245,0.0032533047122303,31.037910219908994,23.04417103672731,37.88279649093536,1.777657692307692,2.296192307692308,2809.234,1.8550045207910817,74.83805757157408
B0018,302,discharge,1.3701878338420928,3.4555661695067355,2.395547668334432,4.183907160253637,-1.784162084841115,-2.0123169807019234,0.0040235096530836,30.967950840538837,22.83426471365,37.96027066990377,1.7755058252427185,2.282247572815534,2791.187,1.8550045207910817,73.86439323920165
B0018,305,discharge,1.379695166560862,3.458696199585801,2.453674917297921,4.18533882899107,-1.7845257009241222,-2.0152254170182307,0.0030324690133305,30.93996203578424,22.83589303178486,37.880513353762176,1.7755514563106791,2.287898058252427,2794.016,1.8550045207910817,74.37691666500521
B0018,307,discharge,1.3686586323935683,3.4525282614097663,2.3062728144586413,4.185280284017658,-1.7920667435100546,-2.01421415925087,0.0116298934258857,31.295019295352866,23.179921311075763,38.43416278222213,1.783262745098039,2.2909950980392155,2774.719,1.8550045207910817,73.78195670433692
B0018,309,discharge,1.3627371779096438,3.4552290080443044,2.3471092023857154,4.186281579801858,-1.782779873271704,-2.0128415184323125,0.0017904051864931,31.81846533166901,23.715085051859607,38.847489737859576,1.7735049019607836,2.28575,2777.844,1.8550045207910817,73.46274160714678
B0018,311,discharge,1.3634051133928071,3.4619744219744675,2.4884289104730986,4.185356132672309,-1.772521291595312,-2.014392678620289,0.0047826556291143,32.00067162597675,24.038521624132176,38.80283421497622,1.7635431372549015,2.276867647058824,2781.125,1.8550045207910817,73.49874882306874
B0018,314,discharge,1.3518646035305233,3.452221905520614,2.3992178234155577,4.181406543107895,-1.769870119236631,-2.012835608795986,0.004238943215349,31.73992229230571,23.56288829160871,38.72699121838442,1.7612108910891084,2.262391089108911,2760.906,1.8550045207910817,72.87662042753458
B0018,317,discharge,1.3547969729652622,3.447650049442191,2.278633888650029,4.185252405343103,-1.7884847819526568,-2.011864019911752,0.0034197270851084,31.52613649688221,23.40147705036877,38.67191958148309,1.7798885572139298,2.2866567164179106,2753.25,1.8550045207910817,73.03469925709389
B0018,319,discharge,1.341051440640485,3.447928507599004,2.365584676338373,4.185763363191996,-1.77774044867741,-2.0128686821286053,0.0030824584177925,31.27624493654335,23.12358293794388,38.371813640118894,1.7688349999999995,2.2699650000000005,2742.843,1.8550045207910817,72.29370201580872
