battery_id,cycle,cycle_type,capacity,voltage_mean,voltage_min,voltage_max,current_mean,current_min,current_max,temperature_mean,temperature_min,temperature_max,current_load_mean,voltage_load_mean,discharge_duration
B0005,2,discharge,1.8564874208181574,3.5298286688693397,2.612467347907089,4.191491807505295,-1.8187019641679727,-2.0180146876333027,0.000728585272845447,32.572328114029,24.325993424022467,38.98218133148803,-1.8055695431472079,2.4049441624365477,3690.234
B0005,4,discharge,1.846327249719927,3.5373201277859714,2.587208728940726,4.189773213846608,-1.8175598506612867,-2.016820542901454,0.002927403359080335,32.72523522519307,24.685948163596,39.033397966787035,-1.8045826530612243,2.399260204081633,3672.344
B0005,6,discharge,1.8353491942234077,3.5437367282719,2.6519168938437794,4.188186735991303,-1.8164865418840956,-2.016573862170142,0.0014836763652280672,32.64286193755933,24.734266163954402,38.818796689817404,-1.8035753846153844,2.3979692307692306,3651.641
B0005,8,discharge,1.8352625275821128,3.5436661072601456,2.592947964776547,4.188461118855572,-1.8255891938692528,-2.0159359571668354,0.001547011952723541,32.51487646204882,24.652243741292516,38.7623045063458,-1.8128628865979384,2.4082886597938145,3631.563
B0005,10,discharge,1.8346455082120419,3.5423432526672167,2.547419651124539,4.188298524761055,-1.8261139590277586,-2.017425579158831,0.001701454824503414,32.38234901543077,24.518700434435164,38.66539257343368,-1.8128762886597938,2.408505154639175,3629.172
B0005,12,discharge,1.8356616600675495,3.5413347346347575,2.5209480504077413,4.188815807948604,-1.8168108743168803,-2.0162347618032066,0.0024899497555445145,32.43418218230641,24.51442664842638,38.75169504640032,-1.80365641025641,2.3962512820512822,3652.281
B0005,14,discharge,1.8351461429226603,3.5410250495075215,2.487927319492314,4.18839163793879,-1.816791144707133,-2.01583310669507,0.002314295882739856,32.480416444757985,24.575581239008407,38.8207012322275,-1.8036205128205127,2.394646153846154,3650.828
B0005,16,discharge,1.8257567905665537,3.554133296801584,2.6652049047458775,4.188927891511958,-1.8443412120754061,-2.0166395518034546,0.002227616056915605,32.41046186109587,24.71132429046902,38.51713023385634,-1.8308837696335079,2.434628272251309,3572.453
B0005,18,discharge,1.8247738529891333,3.5529355991467955,2.6038584726333673,4.189029250882121,-1.853972745505648,-2.018357230695621,0.005401028321021492,32.3461408313,24.628487294051176,38.526267904657,-1.8405052631578949,2.4485105263157894,3550.594
B0005,20,discharge,1.824613268496936,3.5512057319376997,2.552853984885676,4.189223427076418,-1.8535899338510957,-2.0160718378149842,0.0030191479674457028,32.27679750791685,24.561560340089137,38.52698128472781,-1.8404957894736844,2.4496526315789473,3551.25
B0005,22,discharge,1.8246195526864504,3.549292319740949,2.4724483018527317,4.188916055911241,-1.863380178294828,-2.0160713863396573,0.002626400189938571,32.15709350345252,24.43128509546442,38.54143406601644,-1.8502624338624338,2.4602222222222223,3530.25
B0005,25,discharge,1.8142019357673917,3.559759220648976,2.64956413267546,4.189876247266316,-1.872968810287894,-2.016851865845563,0.00236452370176732,32.36407129853099,24.74037188089418,38.52197451768004,-1.8593454545454546,2.4758021390374334,3491.016
B0005,27,discharge,1.8137521577549054,3.558081969139198,2.5724981777366227,4.189286794768804,-1.8826095043160833,-2.016393908986775,0.0018583785527610795,32.3181954403762,24.733107699311514,38.582485834057856,-1.8693247311827959,2.493279569892473,3470.281
B0005,29,discharge,1.8134404914735822,3.555692244172496,2.5249886697730286,4.188837765892728,-1.882536787636365,-2.0158117255163046,0.0022664654273509715,32.15709029211502,24.44798340505406,38.520294134873915,-1.8693247311827959,2.4930591397849464,3470.0
B0005,31,discharge,1.8025980036306504,3.562746818017503,2.694621861688723,4.189110301768517,-1.8817935155260215,-2.0193509920362724,0.001319946437255823,32.04407000314609,24.463097121123557,38.21358592965045,-1.868625945945946,2.493508108108108,3450.297
B0005,33,discharge,1.80210690024615,3.5614521756489204,2.64010141737067,4.18921207304098,-1.8921861285036712,-2.0164420273602586,0.0030782527761262007,31.931593674911532,24.32051139249706,38.1983618706913,-1.8787804347826087,2.5033804347826085,3429.407
B0005,35,discharge,1.802579500826209,3.5603420474985823,2.5739035098380962,4.188899969428112,-1.9027629207037406,-2.016465255161054,0.0009018486465400538,31.941655359029298,24.357321702352365,38.31926916027133,-1.8890437158469946,2.5137704918032786,3409.484
B0005,37,discharge,1.8030683142834096,3.5591189041401865,2.4942396831720126,4.188779799856791,-1.9133470605822436,-2.0181069603406625,-0.00044812397487015555,31.965008645476725,24.382419922756025,38.4787542519308,-1.89941978021978,2.5288736263736262,3390.422
B0005,39,discharge,1.8027776247196041,3.557886771846508,2.4556793246645583,4.189272591516219,-1.9131602105481538,-2.0170254305215485,0.002337558709004184,31.966241678512723,24.355030419469987,38.54659017774874,-1.8994164835164835,2.5293241758241756,3390.281
B0005,42,discharge,1.8470259949329193,3.5520375235511907,2.632142800798914,4.187614060563439,-1.8553455745575975,-2.01684718332263,0.005955165804640151,32.37143341978575,24.549424447285215,38.44749852224995,-1.8422010416666668,2.4483229166666667,3591.734
B0005,46,discharge,1.847417311283644,3.5525668436897124,2.5027764692056795,4.1876287811083985,-1.8746995273150975,-2.016190951623346,0.0016182635202416972,32.70024990461686,24.917503693363493,38.992275791716615,-1.8615263157894737,2.4740684210526314,3552.297
B0005,50,discharge,1.8361774213478947,3.556794038327039,2.617507742871704,4.187447226312926,-1.873827212788385,-2.016760348146938,0.002519215784369448,32.32266411829938,24.56596639952811,38.51424197364312,-1.8607999999999998,2.480037037037037,3531.578
B0005,54,discharge,1.8257807475776242,3.5614100044534203,2.694074478000972,4.187344026387161,-1.883193546754683,-2.0160230713598764,0.0037933120349866447,31.98795810666763,24.21658146702539,38.165816144899125,-1.8700117647058825,2.4924491978609624,3492.907
B0005,58,discharge,1.8251136435078368,3.5566107947817986,2.6237674644021887,4.187438187636325,-1.873239184822504,-2.01719076462715,0.00343888873867598,31.894456524691385,24.054990657817566,38.16526203587147,-1.860063829787234,2.4792606382978724,3511.594
B0005,62,discharge,1.8255815042203762,3.5586742170266272,2.5010798299873738,4.18774138117799,-1.9139593751505897,-2.0161148625656655,0.0012614422239159216,31.78039681801023,24.024851602995685,38.27549578575718,-1.9004891304347828,2.5292119565217392,3431.9370000000054
B0005,66,discharge,1.8140311275083907,3.564103182686905,2.6849988185249796,4.188261122540052,-1.9030532722310995,-2.0168636304742815,0.0031353992245556606,31.688747146342205,23.93622764909489,37.982160799183106,-1.8896369565217395,2.516663043478261,3431.125
B0005,70,discharge,1.8147691941158939,3.559588063594272,2.547109116468133,4.187338767288234,-1.9134590742247914,-2.024643671910137,0.0011043615738374486,31.596747992569153,23.811534187517502,38.11100191887773,-1.8999540983606558,2.529601092896175,3412.406
B0005,74,discharge,1.813969388710352,3.556833231052199,2.471314764334132,4.187560306288175,-1.913620909902553,-2.017291134571006,-3.060676830687782e-05,31.565586498787077,23.754765330883426,38.18831137948753,-1.8999562841530055,2.527672131147541,3410.688
B0005,78,discharge,1.802765665167823,3.5624410850948944,2.6613903306108773,4.18805176248713,-1.9025819745719061,-2.01713712589233,0.0037901043107805275,31.59124667045208,23.79410930748377,37.998541119085836,-1.8890437158469948,2.5117868852459013,3410.718
B0005,82,discharge,1.804077040117352,3.5591407106855666,2.541762355407921,4.187667484260542,-1.9130621638638965,-2.0159460285100574,0.0006901740069088986,31.603485399391182,23.801300986918452,38.194201649765226,-1.8994175824175823,2.5213186813186814,3392.719
B0005,86,discharge,1.8518025516704486,3.5573161327793144,2.628919415830567,4.2010701773378685,-1.920618117118412,-2.0167372379007014,0.0008475435827522827,31.91556385491565,23.78129749955371,38.45796400011448,1.906736388140162,2.512035040431267,3470.672
B0005,90,discharge,1.8307038456739428,3.561870782772737,2.6312552691827045,4.1996223345495824,-1.9298830859597569,-2.0183057226929555,0.0011650883880798665,32.081128118597164,24.2036410699716,38.49126351534004,1.9161506849315069,2.5250219178082194,3414.109
B0005,94,discharge,1.8199041089501267,3.5617586337260088,2.654880745360911,4.199853323702163,-1.9293005284805407,-2.016579511976592,0.0019472390588109682,31.849792632896243,24.00078927251757,38.31473393357882,1.9156760330578513,2.520526170798898,3395.219
B0005,98,discharge,1.8093079637028517,3.5597307651083123,2.6749688422803803,4.199103467081427,-1.923330987770314,-2.0193879194408373,0.0018372947715281892,31.465690433362017,23.53999092882516,37.861934640176806,1.9099110497237572,2.510174033149171,3386.0
B0005,102,discharge,1.80460990458052,3.5575937553540915,2.6159705726789904,4.199998536865001,-1.9284469980320087,-2.015814483813837,0.0074961910680886356,31.40934895665031,23.566095747572557,37.90665575786083,1.9149688888888892,2.5116055555555556,3368.187
B0005,106,discharge,1.7993770651972192,3.5597237883937995,2.658447162110498,4.19967522099872,-1.9231439161693824,-2.019901495893039,0.001392374886299951,31.902247475518077,23.9730227457941,38.34003238560517,1.9094477777777779,2.503302777777778,3368.266
B0005,110,discharge,1.7884432335370462,3.559061771422033,2.6979426084271156,4.1991847248803165,-1.9170149640438081,-2.016522387288751,0.0025753372180031702,31.649024294808623,23.755161868961988,38.0745950590744,1.903607242339833,2.4986629526462396,3358.719
B0005,114,discharge,1.7829230484252723,3.557015527748059,2.6617272246516333,4.200012480335,-1.922048805055383,-2.017112121704317,0.0011747056452339859,31.48874626238971,23.51454265913581,38.07252758016199,1.908672829131653,2.502120448179272,3339.5
B0005,118,discharge,1.7730337158018288,3.5562481933590964,2.699288287625812,4.1992373656547874,-1.9162302821549877,-2.018009988339822,0.0023816748049826563,31.329995610092634,23.27146353182613,37.80133585100446,1.902809550561798,2.4921376404494384,3331.265
B0005,122,discharge,1.773037755078937,3.5532756526091784,2.6127932408838532,4.1993957811187075,-1.9220800182578983,-2.017724236336294,0.0021374370347549054,31.569551201845574,23.439367870877128,38.39873985476869,1.908174647887324,2.496878873239437,3321.188
B0005,126,discharge,1.7678721106662054,3.556266431640255,2.6637064901468075,4.1995786980260705,-1.9162417890311958,-2.016792488625222,0.00151986195803867,32.111426258867944,24.020578317587123,38.74929237918251,1.9025887323943664,2.4925098591549295,3321.844
B0005,130,discharge,1.7623150704093087,3.5563095420140822,2.6668454289754746,4.199546957512695,-1.9158809823517762,-2.0172551326315866,0.0018244735178706453,32.271676011112376,24.256086319320033,38.87275464755104,1.9023000000000005,2.494497175141243,3311.828
B0005,134,discharge,1.7676172924938447,3.558950851054106,2.684431051981017,4.194091469340824,-1.9114406265753041,-2.0159457514475405,0.0005228307091433465,31.842291659678658,23.99270220171187,38.503541429116005,-1.8977999999999997,2.516620111731844,3327.391
B0005,136,discharge,1.762668359743147,3.5534418211598053,2.645224362345869,4.200715235801255,-1.9158166997544155,-2.021877555086194,0.002427106886628309,31.759815453754253,23.826487051861594,38.27009094548294,1.9022700564971755,2.498725988700565,3312.078
B0005,140,discharge,1.7517304870664143,3.5510121537420285,2.6603527244917,4.1990980807180325,-1.9151304155635374,-2.0169903181968984,0.0006158711833322257,31.41911167391793,23.348558306380394,38.11684755251712,1.9017289772727275,2.492619318181818,3293.172
B0005,144,discharge,1.7418496047960008,3.551317608213948,2.6926849789916263,4.199398534411534,-1.9148485784393638,-2.016185456554963,0.0008035192993614022,31.331626572312267,23.236214188565974,38.04152715355532,1.901172,2.489822857142857,3275.328
B0005,148,discharge,1.7360913511847138,3.549003180550162,2.670544734728978,4.199122915612965,-1.9144128654409127,-2.0170647431651068,0.0014889451776809062,31.35934131425137,23.214801785728056,38.17980302242767,1.9008985673352439,2.4861575931232096,3265.016
B0005,150,discharge,1.7936240148573608,3.5597648340955175,2.605158060541757,4.190409478081396,-1.9388813849818083,-2.0168134548386294,0.002493114712392233,34.31088483888259,26.647373946169793,40.71218198711114,1.9252814606741575,2.527724719101124,3328.937
B0005,154,discharge,1.7831890223273275,3.5623454342368555,2.672012007453096,4.199933846791869,-1.927509725704535,-2.0165540953857675,0.002858970104521588,33.43585640373788,25.69911743242072,39.885261233152924,1.9140382022471911,2.5045955056179774,3329.266
B0005,158,discharge,1.7673642076278957,3.558336657621618,2.674271233724938,4.199365021329158,-1.9267185977839403,-2.022483480851903,0.0012369720338688353,32.66698125020078,24.833281081823134,39.18287352945846,1.91328895184136,2.5031246458923513,3301.579
B0005,162,discharge,1.7570177850353066,3.554013138622869,2.6309416727017187,4.19902365945384,-1.9261308349663746,-2.0168041459037114,0.0027115029184951785,32.28423408691397,24.361616832363048,38.951564804030774,1.9127868945868944,2.497017094017094,3283.563
B0005,166,discharge,1.7468706179837907,3.552376095886298,2.6629725743154204,4.199432142144215,-1.9202346781375206,-2.0172800396238526,0.003127245831423531,32.00739178780946,24.019157444608588,38.607510759873634,1.9067880000000001,2.4874085714285714,3275.125
B0005,170,discharge,1.7417172507457144,3.549618661283733,2.612942119873717,4.199640922827531,-1.9201011498853633,-2.0159193745006387,0.0012894534058489268,32.06387071886056,24.006646494284762,38.920359903369054,1.9065845272206305,2.4783954154727796,3265.656
B0005,174,discharge,1.7364225056478186,3.54938103086703,2.6157198442661476,4.199305653118061,-1.9144278105456467,-2.0206059195730015,0.0010352326876111328,32.43754560319043,24.328038456694348,39.23273115358871,1.9008893982808022,2.4728252148997134,3266.093
B0005,178,discharge,1.7263217239235826,3.5472118680418956,2.6287695472774453,4.198949734540481,-1.908340706503589,-2.017554048083073,0.002141440621650397,32.16809876635083,24.121591093765634,38.964927068400804,1.8948356321839082,2.4686465517241376,3257.594
B0005,182,discharge,1.7158065389330133,3.5467052098640246,2.6655106679421823,4.19834220599025,-1.902207182631691,-2.016416703030436,0.0017702200905978112,32.05752645824972,23.971565610462942,38.83927283461771,1.8887763688760806,2.4558587896253603,3248.593
B0005,186,discharge,1.710533351135192,3.544629653883431,2.650495153350403,4.198995776266302,-1.9020484449938713,-2.0170229987437884,0.0014307662327893813,31.975920928072714,23.83541998401671,38.82796377704433,1.8884606936416186,2.4537601156069364,3238.766
B0005,190,discharge,1.706014499648521,3.5436291614253204,2.643236235233877,4.19916986492694,-1.8964907679062355,-2.016783933430818,0.00490119980676573,32.21689335291319,23.956923878018035,39.14007944734004,1.8827364161849713,2.4475115606936417,3240.14
B0005,194,discharge,1.7003110272642588,3.5444946147995258,2.656450207001938,4.199246833083063,-1.895971437908019,-2.0199829306240713,0.001796424269077256,32.55632993697177,24.465118009505925,39.349611598028886,1.8824028985507248,2.4475623188405797,3230.109
B0005,198,discharge,1.6945798601797895,3.5409201846556857,2.626177688152069,4.1992551886401595,-1.8899648799839277,-2.016448312230377,0.004899013626111221,32.40048085325998,24.267851748683743,39.29444535878087,1.8765976811594203,2.440286956521739,3229.7810000000027
B0005,202,discharge,1.6849029086609286,3.541195668799061,2.6582230344240045,4.199610827671791,-1.8893703824420507,-2.0264654916334726,0.002434406743192847,32.29371860868794,24.14386556947967,39.10487658009542,1.8758862973760935,2.4377755102040815,3212.469
B0005,206,discharge,1.6744741591159717,3.540671044783382,2.695100237338448,4.1994453812630566,-1.8776883243431417,-2.017330650607364,0.0014513205321675263,32.136071448067796,23.934085583884677,39.0462609369598,1.8642157434402333,2.4169620991253646,3213.219
B0005,210,discharge,1.6745692479879102,3.5376048790268775,2.639091813583503,4.198991968341307,-1.8831065986697755,-2.0225787607034706,0.005933998461667336,32.38268549723498,24.080595341823642,39.398032192832,1.86970350877193,2.425584795321637,3203.578
B0005,214,discharge,1.663716375981405,3.538422485261741,2.6857210282450983,4.197785116892181,-1.876359921441716,-2.0158674131052456,0.0034449440902895195,32.30899951427637,24.428816535813286,39.10678394120843,1.8634428152492668,2.4160117302052786,3195.125
B0005,216,discharge,1.659013868748246,3.53928626988912,2.69017866510873,4.201331130571617,-1.8709550260104437,-2.016878594815316,0.0012286208011475699,32.56636929496716,24.3288116844709,39.44448954135193,1.8575706744868035,2.4128035190615837,3195.3129999999946
B0005,220,discharge,1.6538540573335014,3.533690170241391,2.639895313359579,4.199339974904826,-1.8705599868289542,-2.0190191551299326,0.0006759557151863035,32.46542951751835,24.124885387020978,39.509602016775695,1.8571552941176472,2.401258823529412,3186.297
B0005,224,discharge,1.642653782130131,3.534367734544495,2.68991452927918,4.198916244859707,-1.8640049795794804,-2.0179820220655023,0.0017286665299136564,32.347056454418095,23.980294072799666,39.334865362245324,1.8508483775811209,2.390194690265487,3176.438
B0005,228,discharge,1.6378578430223698,3.5312941932103548,2.65935818848874,4.198537488587242,-1.8636932149873204,-2.0158401305926343,0.0008822013179447034,32.371538940646154,23.969183667109306,39.43723270017243,1.850440828402367,2.38642899408284,3167.593
B0005,232,discharge,1.6327350407099108,3.5309134771684274,2.6657030585650423,4.198943932259475,-1.857820396301907,-2.0192083553177325,0.0032196054196979183,32.45549347979197,24.037074564457942,39.51375235624076,1.844530177514793,2.3790325443786986,3167.719
B0005,236,discharge,1.6277528915533617,3.5287226893409893,2.642986759012803,4.199579806494986,-1.8572160981955346,-2.017754065523427,0.002329222708757339,32.50017194695606,24.074008046047823,39.60170302810528,1.8440694362017804,2.3752314540059345,3159.077999999994
B0005,240,discharge,1.622125485521159,3.52625493581969,2.6311169118893036,4.198782234828033,-1.8568340008006827,-2.016206764491147,0.0036382151418645234,32.50100298369444,24.043536678896338,39.687463597582074,1.8436053571428577,2.3729464285714283,3148.829
B0005,244,discharge,1.6113256603765849,3.528684324337005,2.696157404617167,4.19910517813207,-1.8448886500218815,-2.018425729441905,0.002409343074541808,32.4728927422438,24.007622451152475,39.53535075538898,1.8316964285714288,2.3579464285714287,3149.094
B0005,248,discharge,1.6065631397488385,3.525556939424901,2.6667596238241567,4.198510853141954,-1.8444180038305806,-2.0200094988659028,0.0018183081167425818,32.50480154634882,23.99346277596251,39.6502371632164,1.8312077611940298,2.3558567164179105,3140.547
B0005,252,discharge,1.6015142233917594,3.5226805646793737,2.6403185448373043,4.198732430468704,-1.8438790389835118,-2.0160906793454063,0.0023945547129780136,32.51218336210202,23.977316018708777,39.69929058154853,1.8306784431137724,2.355110778443114,3131.625
B0005,256,discharge,1.590369231400328,3.524673458789008,2.69892986372897,4.198799630396931,-1.83711254029409,-2.017218805788003,0.003459179478904217,32.45692821941515,23.92726467831658,39.56076309770468,1.8241735735735738,2.3478648648648646,3121.907
B0005,260,discharge,1.5857889968242211,3.5213155754526824,2.6682466504352993,4.198753541225669,-1.8315957075983758,-2.017576881832417,0.002911553978859486,32.447059186431154,23.878754027011194,39.63708096307912,1.8181603603603604,2.3376366366366366,3122.125
B0005,264,discharge,1.5849430707374117,3.51803386486462,2.6479207279724903,4.200309982421394,-1.8311195242792309,-2.0163186530776205,0.001691287375631991,32.32889654966259,23.90454749592773,39.43977047692484,1.8181885885885887,2.3432042042042043,3121.672
B0005,266,discharge,1.5955263892495937,3.5236841955396794,2.6741633856529066,4.201124089732316,-1.8432799764914718,-2.016322017667326,0.0031344620126884833,32.84488475360107,24.472949639670766,39.839022256254516,1.830189189189189,2.362888888888889,3120.86
B0005,270,discharge,1.5747301747801037,3.519146638240668,2.6892528956736257,4.198150316653697,-1.829798505957538,-2.0160583834613157,0.002214915830402201,32.31731555011648,23.81400684876703,39.41794949618613,1.817032628398792,2.3335438066465257,3103.828
B0005,274,discharge,1.5649019950937946,3.516233648608237,2.688809122993162,4.198524048997099,-1.8236746835609148,-2.0176016183677974,0.0026959062866318295,32.06376130177751,23.405971076202263,39.262781682151214,1.810447272727273,2.3186606060606056,3095.094
B0005,278,discharge,1.5597659473370362,3.514773138461639,2.6743555987897745,4.198840869468569,-1.8176720770210877,-2.018404141903304,0.002592567167286657,32.21997626855924,23.504268200620626,39.47237839941986,1.804478787878788,2.3113333333333332,3095.781
B0005,282,discharge,1.5594815668184234,3.5132992979150073,2.6430294964336345,4.198119631667182,-1.8179238657973993,-2.016777852675889,0.0015197601976623138,32.7120225448885,23.986241979219916,40.037541469513684,1.804507272727273,2.3101333333333334,3094.328
B0005,286,discharge,1.55468935359061,3.514484830704665,2.6584858447131823,4.198320288264955,-1.817160673909645,-2.019500858990014,0.005375811737933425,32.945022147355694,24.332016492731967,40.142730162011574,1.8038966565349546,2.3122826747720366,3086.531
B0005,290,discharge,1.5488741079890418,3.5109677353595243,2.629782173759164,4.1980467610750285,-1.8110297241968543,-2.025028692484549,0.001299695920075446,32.857549597381336,24.210935532035016,40.1165626728546,1.797808510638298,2.3022006079027353,3085.625
B0005,294,discharge,1.538236598942558,3.5109358749578012,2.6622967647315545,4.199047008209673,-1.8094435644526072,-2.017188769565156,0.003654247255878711,32.629663328789654,24.000424305912805,39.87503330866132,1.7965100917431192,2.3006697247706422,3067.203
B0005,298,discharge,1.527914258251028,3.509393098217416,2.682380966742509,4.197669918520713,-1.8026537331443495,-2.0203529496154493,0.0013741929346254653,32.379859014262976,23.66809609847637,39.61961987024145,1.7897656441717793,2.2894785276073617,3058.157
B0005,302,discharge,1.5285252629756445,3.5066782411556563,2.6401894768922713,4.197600624105256,-1.8031542757366414,-2.016749317444538,0.0020536118932937353,32.68215852457039,23.845674209557426,40.067324667444815,1.7898723926380373,2.2886687116564417,3058.812
B0005,306,discharge,1.522647325284378,3.5109885623008092,2.693769409137257,4.197985718630326,-1.7965666438696486,-2.016964364118414,0.002233821019065787,32.99387423636739,24.23969113753901,40.24716716520102,1.7837294478527612,2.2833895705521474,3058.578
B0005,310,discharge,1.5174859938489869,3.510305462695178,2.695787450704935,4.198164128530042,-1.7959771394311956,-2.0177154474110517,0.0029663849324865874,33.04539707211165,24.30453859448875,40.30253125568348,1.7830596923076925,2.281246153846154,3049.328
B0005,313,discharge,1.605818899130659,3.5222215314850214,2.6920548172137724,4.222920057935785,-1.822916991757235,-2.017087516284557,0.0015450426899526494,32.856295641052824,24.112523495131093,40.09418103142496,1.8096383480825962,2.3254896755162244,3177.219
B0005,316,discharge,1.5638491446744425,3.5163492154331264,2.629071246219689,4.200423045909808,-1.8294275689587538,-2.0177115857667665,0.0029495288044011506,33.33950238056361,24.719311536144843,40.52238496316615,1.8160474164133742,2.3357933130699085,3082.937
B0005,320,discharge,1.5480915247767786,3.5134397623234963,2.631343871050918,4.198372063670128,-1.816317296828028,-2.0160877086861952,0.0016903309192767824,33.35156485472646,24.73538913848975,40.56886357314186,1.8032719512195123,2.309405487804878,3074.266
B0005,324,discharge,1.5323755631868592,3.515137522009075,2.6983970036642315,4.198353213898968,-1.8033689952639713,-2.0174325692631547,0.0017335297510131795,33.147486361012966,24.494140877553082,40.27804845768325,1.7904269113149847,2.293556574923547,3066.0
B0005,328,discharge,1.5269528268489705,3.50830390643132,2.6338485871981514,4.197873789078739,-1.802670753119494,-2.017976023705107,0.003201402568771493,33.007275861749356,24.254986942423244,40.2921849196155,1.7898012269938652,2.286064417177914,3056.437
B0005,332,discharge,1.5169573017136326,3.509190808443004,2.671566207861818,4.197955644238241,-1.7958941337499832,-2.016684455267326,0.0012207622759792553,32.91990812745461,24.1488106351578,40.184384347174266,1.7830572307692307,2.276516923076923,3048.219
B0005,336,discharge,1.5118975960142693,3.5068097579555353,2.6540810507928123,4.197918434710392,-1.795344963527795,-2.0185074328810417,0.0027177292470912523,32.99903328622305,24.205952380559673,40.320066232195046,1.7823969135802475,2.2788734567901234,3039.218
B0005,340,discharge,1.5065638960681105,3.50609090727422,2.656849703962618,4.197739340034368,-1.7893518988259454,-2.0206154364574687,0.002966026743767936,33.03772281691292,24.228213693022468,40.336505612651585,1.776225925925926,2.269527777777778,3039.047
B0005,344,discharge,1.5015453526671363,3.5037157727265953,2.6363048614501152,4.19785490446139,-1.7883879159763685,-2.0174212119307557,0.0019690360203288167,33.07740307192613,24.25745983903501,40.43267631588412,1.775512074303406,2.2710340557275543,3030.375
B0005,348,discharge,1.4908444050400238,3.5067479961367156,2.69951692300468,4.197306756122815,-1.7815447770741009,-2.0224772834102507,0.002722369357879482,33.05467981523988,24.228985806758885,40.314538591575015,1.7686285714285717,2.2619689440993787,3021.0
B0005,352,discharge,1.485868384561201,3.5058813026542324,2.698216006032282,4.197528212001444,-1.7753115642966961,-2.0179249554704706,0.0006217348755526608,33.11570360624461,24.27409668200787,40.386661855917744,1.7624155279503109,2.252496894409938,3021.75
B0005,356,discharge,1.480413677976106,3.504168333530808,2.6911707598773864,4.19743662221161,-1.7742377662318358,-2.018486701026112,0.002574506411845257,33.12942148982364,24.26045465629052,40.43384612547835,1.7616554517133955,2.250626168224299,3012.265
B0005,360,discharge,1.4752095869031632,3.5030568931470634,2.690162319231471,4.197717228550219,-1.773860289771637,-2.0172029187594718,0.002304044135428048,33.130681310493344,24.246954155128837,40.44479269068758,1.760918125,2.24684375,3002.641
B0005,364,discharge,1.4859035988304024,3.4982324882487936,2.6355034454892072,4.192454851360723,-1.7809702419814517,-2.017032616337778,0.0013818757062667917,33.20069210329718,24.337824191545764,40.58499656066617,1.7679538940809971,2.2595981308411215,3012.0
B0005,367,discharge,1.4960918298136696,3.5065859365661325,2.6594753656507684,4.202845001527377,-1.7879098523188452,-2.020648432189961,0.003790346438351921,33.78697527817091,25.05068794027295,40.99869158762305,1.77486397515528,2.279636645962733,3020.11
B0005,371,discharge,1.4808005946928984,3.501457140697961,2.644554999824577,4.197952808231904,-1.780229415660985,-2.018056806197647,0.0029141195307161565,33.673365085761986,24.845214918132577,40.997807625227495,1.7672093750000002,2.2570687499999997,3002.172000000006
B0005,375,discharge,1.4697543268466824,3.501658387162809,2.6719601666204564,4.198017952345714,-1.7731015168894209,-2.017916668624779,0.0007844165488200334,33.535818118317145,24.68293151974539,40.84213757482493,1.7602087774294677,2.244683385579937,2992.703
B0005,379,discharge,1.4539012274845928,3.4966186408455298,2.6598211033173382,4.192162800008929,-1.7705879947441516,-2.027591717224413,0.005446235642757207,33.32269982188509,24.442107279152207,40.69012464267011,1.7579373417721518,2.2366613924050633,2964.468
B0005,383,discharge,1.4541462067235693,3.4991645719433246,2.688360455508818,4.196993378341778,-1.7600629827474803,-2.017344770444764,0.0015596672777035013,33.346230327490304,24.375162099510042,40.69938049882204,1.7469314465408807,2.223235849056604,2983.375
B0005,387,discharge,1.455023751906683,3.496080777360074,2.6376728619288525,4.197603515102162,-1.765575132998529,-2.017072416845675,0.002686593832583876,33.64948900485925,24.70475717255037,41.06026204078849,1.7524485804416405,2.232750788643533,2975.297
B0005,391,discharge,1.449042163761236,3.4959014526387993,2.645120521151077,4.196406678544622,-1.7588271887545277,-2.0179388823247932,0.0031991265142638165,33.79269513542102,24.851431185422516,41.19696040482682,1.7461230283911675,2.222328075709779,2974.9850000000006
B0005,395,discharge,1.4386709371480566,3.49758697990267,2.698012437629632,4.197098662004674,-1.7516428147438297,-2.029098489464331,0.003781794323562663,33.52446663707275,24.582992198113057,40.84446688602949,1.738956962025317,2.211481012658228,2966.25
B0005,399,discharge,1.433445432156979,3.4956989619989507,2.6928942772989077,4.196909312093871,-1.7513097768253418,-2.025048878675005,0.0013123608369275883,33.39042251934235,24.38167771883123,40.764203830749366,1.7381968253968259,2.207726984126984,2956.359
B0005,403,discharge,1.4333958900838095,3.492875380810072,2.6483923655058113,4.197105220217278,-1.7511840784846122,-2.0170494375017745,0.0017334904566314662,33.67370212742761,24.640411065560848,41.11212504270441,1.7382063492063495,2.209780952380952,2956.344
B0005,407,discharge,1.42806487344776,3.49551076423368,2.6832134764261997,4.196244829545076,-1.7446206812145286,-2.017587381204539,0.0022931157457021885,33.91080564765892,24.932873139487384,41.27256611507568,1.7318571428571432,2.203831746031746,2956.406
B0005,411,discharge,1.4229203181741186,3.4942333590450834,2.684960445221862,4.1968026018066595,-1.7436362428649814,-2.0245398824990146,0.0014033494395084456,33.7850680599871,24.80325379769347,41.15574924454392,1.7309961783439491,2.20003821656051,2947.266
B0005,415,discharge,1.417429032731308,3.491197414255986,2.669922120529456,4.196227405416926,-1.7425325036061032,-2.01689808000431,0.00328323198086081,33.61126807392732,24.578577776974136,41.03237216951879,1.7301079872204475,2.1924600638977636,2937.984
B0005,419,discharge,1.412409228794446,3.4889094081576237,2.664105530655056,4.196558172556389,-1.7419837011363046,-2.0197651300783948,0.0026192373361047815,33.45598581472246,24.354940329833727,40.937269906716935,1.7292948717948724,2.1887499999999998,2929.125
B0005,423,discharge,1.412578792940193,3.487376295811431,2.634098605983684,4.196870541112335,-1.7421680980861822,-2.0182280835485455,0.0010338439367061337,33.723267448788484,24.616751003686066,41.240704611971786,1.7293070512820516,2.1849006410256413,2928.454
B0005,427,discharge,1.4075983731469897,3.491994243745711,2.68378702970616,4.196795527524874,-1.735841378420618,-2.0178512019397976,0.002279801917616979,34.050076369857344,25.013633898401757,41.43649987692296,1.7229128205128206,2.1879262820512824,2929.375
B0005,431,discharge,1.4333920485221476,3.491585878898649,2.660031949282934,4.189287343772767,-1.7567879869499758,-2.017223089332264,0.0036040078454246437,33.889346908026745,25.159494190646395,41.16703904201915,1.7437579617834393,2.228859872611465,2946.031
B0005,433,discharge,1.4382550176792908,3.495576227046425,2.650011641082063,4.201144545237731,-1.7573176114092575,-2.0257290511470427,0.0022668920626443224,34.067648550088656,25.21215090210571,41.36216559728765,1.7445434920634921,2.2300666666666666,2955.438
B0005,437,discharge,1.4173547174485526,3.4938988589692483,2.6936969083341418,4.196925753814179,-1.7427628393326555,-2.01734921830549,0.003419658941394484,33.75168100943646,24.8439113089274,41.02198772703674,1.7301233226837063,2.205073482428115,2937.625
B0005,441,discharge,1.406981663677643,3.49159162968384,2.697073130067154,4.196901090271507,-1.7352637407600366,-2.016959683770622,0.0025963216962809578,33.46482299584788,24.47190444990649,40.78818812957494,1.722869871794872,2.188285256410256,2929.078
B0005,445,discharge,1.4012037783587625,3.4885729299834787,2.6806995515145213,4.196688955833435,-1.7344350518111926,-2.0173176445033945,0.002009419144474731,33.40210697922146,24.335820690902352,40.81506138506309,1.721991639871383,2.1841414790996785,2918.375
B0005,449,discharge,1.3967008232726328,3.4869021151089825,2.6695398084864568,4.196339302740304,-1.7280392046289716,-2.0174893103299003,0.004647788990613573,33.410688917712235,24.324432889352373,40.858374219876424,1.7155742765273314,2.175704180064309,2919.812
B0005,453,discharge,1.391284788852726,3.4855485210036417,2.671695307817951,4.196181412764837,-1.7326888725308258,-2.0162082324346313,0.0022916013939350667,33.38984948261314,24.27764742305546,40.839876773287166,1.720211003236246,2.181197411003236,2900.422
B0005,457,discharge,1.3862287677978349,3.4838912547260388,2.661289185949965,4.195770804194879,-1.7260735249920125,-2.0178551648279797,0.002276420033202403,33.3700433438796,24.239023397259928,40.85376069244676,1.7137210355987056,2.1703430420711975,2901.375
B0005,461,discharge,1.3804366761974138,3.483198941484065,2.667817533540102,4.195456241846729,-1.7195393742714093,-2.01649929452358,0.0016756334707971991,33.27215987470977,24.12349712975845,40.74795214258888,1.707247249190939,2.162854368932039,2901.187
B0005,465,discharge,1.3752364150256224,3.4836274447098883,2.684008069130594,4.19654355365607,-1.7185829844462923,-2.0162911974216766,0.0022384407354535305,33.222444215660225,24.053006415445992,40.68794001196382,1.7063266233766237,2.1605909090909092,2891.64
B0005,469,discharge,1.3705128024895008,3.480172442538601,2.6585256208771644,4.194357133255019,-1.717672415155695,-2.0164165307282076,0.004913397668118928,33.26207748383125,24.058082195374322,40.7810749453613,1.7053752442996744,2.1558241042345276,2882.906
B0005,473,discharge,1.3705085566270399,3.478452148610975,2.6372250579822927,4.195863681881766,-1.7177080769362936,-2.0166833595676397,0.001179478056536671,33.312029905516525,24.086387020526896,40.88159339768709,1.7053543973941372,2.1558631921824105,2883.265
B0005,477,discharge,1.3647355108681518,3.4785782556105507,2.6514257735606432,4.1955845546644195,-1.7109669363015376,-2.0156447128046424,0.0025249486819050103,33.25287943255863,24.008188700976785,40.81191473576834,1.6988234527687298,2.1491205211726383,2882.969
B0005,481,discharge,1.375392016895762,3.4825195584604582,2.676384659108382,4.188483624251573,-1.7184206130755166,-2.015672372070857,0.0023505638634883142,33.745054045019884,24.719545529723796,41.11793533148924,1.7063551948051954,2.1677142857142857,2891.656
B0005,483,discharge,1.3861115151535393,3.4886823636752826,2.6949138502817815,4.200346502821317,-1.7260471943596487,-2.01575998810726,0.0021180176276842364,33.88841975386692,24.843079939814473,41.248795355864885,1.7137249190938513,2.1825533980582525,2901.25
B0005,485,discharge,1.3698500035838939,3.4858502383832755,2.6973343716306273,4.1981749992980655,-1.712021613408506,-2.016014837696764,0.0015018865835744713,33.7353756996425,24.576580515525826,41.16242984455477,1.6998305194805197,2.155737012987013,2891.703
B0005,489,discharge,1.3647827949260758,3.478794177297151,2.642540259937964,4.195715092938243,-1.711022510206629,-2.0165238233233063,0.0014907630238953716,33.59131052719714,24.340286688400784,41.16437554618679,1.698824104234528,2.148319218241043,2883.016
B0005,493,discharge,1.3543220466259964,3.4812826020756744,2.699226257883075,4.195755769877104,-1.703421414006958,-2.0182163733141314,0.002981994184247595,33.32366688599416,24.03013803682012,40.864216180205034,1.6913673202614383,2.1372908496732026,2873.453
B0005,497,discharge,1.3546417018378962,3.480352041587074,2.676480329780849,4.195911764444989,-1.703574708739156,-2.016150778973011,0.0015383602403595874,33.691961507697364,24.392658600566655,41.25434553511566,1.691388235294118,2.1406960784313727,2874.031
B0005,501,discharge,1.3547039213192407,3.4781127815565127,2.642142168479886,4.195824004004723,-1.7034912994217157,-2.0176181286216193,0.0030940952671648994,33.887639684793655,24.647812199908287,41.45023191903855,1.6913130718954248,2.1409869281045752,2874.234
B0005,505,discharge,1.349314997503458,3.4765867130506125,2.644725254926797,4.196258226051591,-1.7023383270190764,-2.017297732143782,0.0056941514906116535,33.67308060941856,24.39982529977077,41.27708509224051,1.6902859016393441,2.1371901639344264,2864.984
B0005,509,discharge,1.3441891937970554,3.4733769291841643,2.632270655366611,4.196612664794988,-1.7014238498912502,-2.017223266913469,0.0031481012336326926,33.411988203265814,24.071743981632668,41.064605154983276,1.6892256578947367,2.1326644736842106,2855.093
B0005,513,discharge,1.3389913790695755,3.4726366397371127,2.6391006118876117,4.195850781215982,-1.6950436046971957,-2.0197342717689364,0.0017629793721903892,33.29926524979532,23.873389284419225,40.99284868101728,1.682721710526316,2.1191578947368424,2855.625
B0005,517,discharge,1.3389145230206971,3.473439372740961,2.637841830893275,4.1960023929619235,-1.695057731610264,-2.016896104476736,0.005009392491167575,33.59980731390034,24.168977704033605,41.29040553417739,1.6827921052631583,2.1207006578947367,2855.594
B0005,521,discharge,1.3340066759761655,3.4754777099091454,2.668286095904868,4.196207586734141,-1.6937809113323188,-2.0199925086996786,0.0025365511428236684,33.61961195858585,24.28428480579148,41.22740227746052,1.6816818481848186,2.119993399339934,2847.437
B0005,525,discharge,1.3286444309174914,3.4722884821666766,2.6490198126838553,4.195534582569042,-1.6869434054016965,-2.0167450744074586,0.0028787153794497824,33.3945201718652,24.00593985304127,41.04619550953222,1.6750389438943896,2.112346534653465,2847.36
B0005,529,discharge,1.3231708992276219,3.471373665098864,2.664058512378051,4.1957439573980455,-1.6860649112944592,-2.0163628111205263,0.004270068564987734,33.16734508187535,23.715060546682704,40.85874389007758,1.6739410596026492,2.1077582781456954,2837.328
B0005,533,discharge,1.3181691588445197,3.4726160162875095,2.6883611693898826,4.19586805747139,-1.6795829780331424,-2.0162121238671036,0.0023204014455349238,33.10962161613893,23.563561594833335,40.79196924883506,1.6674006622516557,2.096390728476821,2837.281
B0005,537,discharge,1.3184664436640334,3.4738146874457896,2.6869753836302124,4.195347750909715,-1.679793840292355,-2.0168197393548124,0.004169727934917151,33.46501751186519,23.955208980751504,41.14127834456325,1.6674417218543047,2.0981291390728476,2838.515
B0005,541,discharge,1.318293040102702,3.4701426486639693,2.6507536817766586,4.196065828878837,-1.6851739865098712,-2.0187637742643867,0.0033179608221933095,33.4426191014044,23.967802824849826,41.14429319149828,1.6729408637873755,2.104328903654485,2828.328
B0005,545,discharge,1.323872422244268,3.467523652225441,2.6646322789106516,4.184534803011309,-1.6863812036302581,-2.016191969154752,0.0021406905839278507,33.037928170775885,23.58968747789601,40.66184230912503,1.6740403973509934,2.106877483443709,2838.265
B0005,548,discharge,1.3601216766554785,3.4767525840839255,2.6400211837268666,4.201240476440081,-1.715777469309528,-2.021651287065962,0.0028823561171506806,33.4949493613756,24.237681569505874,41.046694544970684,1.7034465573770496,2.152160655737705,2864.547
B0005,552,discharge,1.3395306867947354,3.4758956827369127,2.674198661305034,4.195703567262997,-1.7007216920098716,-2.017592416950431,0.0024155477323689854,33.491363029025784,24.167374158398008,41.0462053156659,1.6882508250825083,2.1242673267326735,2846.39
B0005,556,discharge,1.3290286565120697,3.475812179626641,2.696427051131168,4.195744519551191,-1.6928138295817332,-2.0171105982760715,0.004008579519805372,33.329808599922345,23.987394863111092,40.868302643225604,1.6805913907284769,2.1110662251655627,2837.969
B0005,560,discharge,1.3236741274998955,3.4746554404904435,2.6928340297696836,4.196363050482315,-1.6861104874993165,-2.0165753451036377,0.003616989953114752,33.27302769298771,23.87546148452671,40.85283588259973,1.6739662251655631,2.099188741721854,2838.156
B0005,564,discharge,1.318633896753293,3.472301781313945,2.681747855329962,4.1957929878569455,-1.685043785043406,-2.0157688095228656,0.0028522205733032915,33.229879126701434,23.800482246729,40.85270645265791,1.6728817275747505,2.093039867109635,2829.843
B0005,568,discharge,1.3134751321324272,3.4729305773503527,2.696791414385091,4.195797286482793,-1.678524839793589,-2.016274841649268,0.0012910201456034266,33.20860833999321,23.75244046991811,40.8263251809212,1.6662524916943522,2.085581395348837,2829.625
B0005,572,discharge,1.3132020634442203,3.4696192030612285,2.664695973142795,4.196349384378125,-1.6839115230941766,-2.016821101865832,0.004289580699201413,33.236115055926255,23.770683336009036,40.90308836809665,1.671814,2.0900600000000003,2819.437
B0005,576,discharge,1.3077959946944353,3.470018470757559,2.679191623358613,4.195609431921248,-1.6773783325850857,-2.0165933442123594,0.0019608791198133632,33.18660088296571,23.69874029857621,40.84337405460518,1.665160666666667,2.08167,2819.579
B0005,580,discharge,1.3030329186405918,3.470762691935287,2.699983457940659,4.195339917236225,-1.676425373206175,-2.018075144841628,0.001890284329441244,33.174058099115534,23.681325932299053,40.81792110626284,1.664084949832776,2.0771438127090303,2810.672
B0005,584,discharge,1.3033573559038205,3.468111467035994,2.666300786624286,4.1954020570061195,-1.67627880896028,-2.018091528339797,0.0024103529115243262,33.253984518546055,23.748579260944844,40.946993847659506,1.6640849498327759,2.0771337792642144,2811.485
B0005,588,discharge,1.3034100438655642,3.4648625780221494,2.6308501373847837,4.195685302232799,-1.6817992883033976,-2.0177167019715503,0.0043239362691777465,33.3198093248819,23.789078897860136,41.074938058306316,1.669631543624161,2.0838758389261742,2802.422
B0005,592,discharge,1.2978870806495706,3.467864133752208,2.673348140468748,4.195561297751176,-1.6750812261110137,-2.0160479224870884,0.002138526794169908,33.33765795318198,23.827460066666994,41.02476444658572,1.6628946308724832,2.0770704697986577,2801.625
B0005,596,discharge,1.2980735056918902,3.464021404592563,2.632763831012711,4.196066962029683,-1.675366426273468,-2.017067096348242,0.0014821450901276818,33.29076744042025,23.738230385656273,41.06214198725253,1.6628986577181208,2.073318791946309,2802.031
B0005,600,discharge,1.293463613844243,3.4664623858156745,2.6687371180046218,4.196640912532072,-1.6744879201095209,-2.018208092691312,0.0016645655980570856,33.27568841807217,23.73611267134457,40.98366325567302,1.6617986531986533,2.07316835016835,2793.39
B0005,604,discharge,1.288003392619118,3.46850906693551,2.696396337945361,4.1956235749123225,-1.6674467270234996,-2.018933300007017,0.0026884191804450396,33.32067807371405,23.80026564355092,40.98234242711097,1.6550861952861953,2.064188552188552,2793.39
B0005,608,discharge,1.2874525221379407,3.466806213058136,2.6794834862925194,4.195862008850563,-1.6674702882406252,-2.0237906818969758,0.0026918488897051404,33.37314972896719,23.849121770252687,41.06375085817118,1.65510303030303,2.0627171717171717,2792.485
B0005,612,discharge,1.3090153642307354,3.471070722008039,2.6787137407179737,4.18482689434833,-1.6888978346592105,-2.017308526034403,0.001335599326393533,33.71351889594897,24.92195746617458,41.047029587744966,1.6764295302013426,2.107459731543624,2802.016
B0005,614,discharge,1.3250793286429356,3.475472204020004,2.655378369801326,4.201968615940368,-1.6979281889133206,-2.017696449416675,0.003306917134878647,33.86531768239223,25.09329713312876,41.051007697556734,1.6852640000000003,2.12023,2820.39
B0006,2,discharge,2.035337591005598,3.556946061827572,2.4757677568281857,4.179823027658306,-1.990533350635129,-2.015537581193984,0.00043376246575117864,32.142777859921516,24.27707330832413,39.16298653238707,-1.9788233502538073,2.650081218274112,3690.234
B0006,4,discharge,2.0251402460314116,3.56147580138708,2.35152551190002,4.177288238505559,-1.990277542145709,-2.0149020169266376,-0.00020764608327879694,32.29307515705474,24.63823886086074,39.2462026826329,-1.9786683673469385,2.655775510204082,3672.344
B0006,6,discharge,2.013326371345464,3.5667524696413215,2.4404797151065436,4.1781213228922995,-1.9899467848963859,-2.014434345552428,-0.0006575492150127537,32.24414709253608,24.704057719023776,38.999202460252846,-1.9785333333333333,2.6617999999999995,3651.641
B0006,8,discharge,2.0132846655407413,3.5687953371516272,2.4791558539003917,4.1785623580417175,-1.9896009282099438,-2.0142051662535234,0.0001981188152475248,32.14711742429942,24.648384924528084,38.843627771866515,-1.9784103092783505,2.6641443298969074,3631.563
B0006,10,discharge,2.000528337624771,3.563970503289941,2.280187848173442,4.17824995156942,-1.9895483606575701,-2.013995769332238,-0.0011423311186216645,32.06687277315468,24.634206199911688,38.97798888258284,-1.9784381443298968,2.659417525773196,3629.172
B0006,12,discharge,2.0138990759931645,3.5735512387791406,2.4392842568466446,4.193216523251186,-1.9901040351037365,-2.0151519685741275,-0.0015410535505561715,32.03447836207717,24.343399604359956,38.83989920742278,-1.9786574358974363,2.6672923076923074,3652.281
B0006,14,discharge,2.013101105626967,3.5711391343785897,2.2812068449406446,4.193732603145628,-1.9900886222380372,-2.0145081864690626,-0.0031490941234930576,32.11157496697372,24.430946389444678,39.04610837498471,-1.9786112820512822,2.6654256410256414,3650.828
B0006,16,discharge,1.9687898262728398,3.5681507462163036,2.366410527029613,4.176826628115461,-1.9891170520197212,-2.0146816699579064,-0.0008455879137331849,32.112576242471775,24.650435471431692,38.87507521022778,-1.9781267015706805,2.662795811518324,3572.453
B0006,18,discharge,1.9681661764334244,3.5692834155812436,2.436020049578708,4.176369138969733,-1.9892116643905464,-2.015071955488147,-0.0009662247647393986,32.03566207329278,24.564976908542672,38.7260539826455,-1.9779873684210525,2.6642578947368416,3550.594
B0006,20,discharge,1.9572307917560536,3.563388513484579,2.1864377487643725,4.176897989902666,-1.989191243247005,-2.0155176072270926,0.00013882260841396987,31.99527968872302,24.515019617858613,38.98629728904917,-1.9779642105263158,2.6590000000000003,3551.25
B0006,22,discharge,1.9455991514129352,3.566658719765511,2.3406023605912454,4.177579509962451,-1.9891317699701738,-2.014079047237871,-0.0021060459646946015,31.874127571841353,24.40648205159496,38.65978861919643,-1.9779439153439156,2.6606031746031746,3530.25
B0006,25,discharge,1.9347505044841131,3.5687035970122842,2.4263021374140443,4.177996110793395,-1.9887805507702212,-2.0134697854511865,-0.000990785360248984,32.120959708576166,24.666067568688486,38.84979195732924,-1.977655614973262,2.662352941176471,3491.016
B0006,27,discharge,1.9232799539368028,3.569207084156356,2.4753697700007034,4.176316409477926,-1.9887320866401275,-2.0148749194363664,-0.00032364926356916147,32.11021168908644,24.819105859024557,38.75128344015104,-1.9775182795698925,2.6636182795698926,3470.281
B0006,29,discharge,1.911889930948487,3.5659271296109383,2.342364523655007,4.1779924550101715,-1.9887200290368634,-2.0144081790374893,-0.0004261867664927878,31.989061278918154,24.627666776864352,38.76853764058789,-1.9775139784946238,2.6609301075268816,3470.0
B0006,31,discharge,1.9010667141979305,3.5612417270649486,2.188400081882664,4.177439981618572,-1.9887874042287874,-2.014472686005532,-0.0010580730504302503,31.878814448635442,24.450913129560714,38.84686112344348,-1.9773881081081082,2.656816216216216,3450.297
B0006,33,discharge,1.8891989948061458,3.557881987836072,2.1206980945954057,4.17561570814845,-1.9885910895930397,-2.0146756268214814,-0.0037766213378683127,31.767450711024402,24.26604433063594,38.865889781652804,-1.977279347826087,2.653130434782609,3429.407
B0006,35,discharge,1.878278372248849,3.56282437243777,2.369981457799298,4.177602520456299,-1.9884892463229662,-2.015931347705288,0.0009547908042232252,31.78991634963658,24.34725293029431,38.647578733807656,-1.9771781420765027,2.657338797814208,3409.484
B0006,37,discharge,1.8675697161520206,3.5591953280168633,2.247991649924625,4.176354539745044,-1.9883474274444874,-2.01432419683381,0.0003362560415229371,31.82883467218067,24.380274264917215,38.79218188173866,-1.9770472527472525,2.6534615384615385,3390.422
B0006,39,discharge,1.8675892574453767,3.5580906165580983,2.4115317107898875,4.177450270459645,-1.9774549866256104,-2.015920256743369,-0.0022772410696178776,31.890449470827843,24.455293448252306,38.77022223929529,-1.9660538461538462,2.6421263736263736,3390.281
B0006,42,discharge,1.979626548250818,3.565899462157853,2.2033558468593775,4.174584178175673,-1.9892347833261184,-2.0202081897757225,0.0009741380235390647,31.51177053595285,24.511611712923585,37.54320599748628,-1.97821875,2.6565104166666664,3591.734
B0006,46,discharge,1.9575499080884022,3.570814209348872,2.35887751155593,4.175224020262452,-1.9890474874073771,-2.0141161810049812,-0.0003149484747221053,31.874488497680712,24.910587532936997,37.90362577530197,-1.9779547368421049,2.662689473684211,3552.297
B0006,50,discharge,1.9458150170787551,3.5666817833633124,2.218672914041916,4.177217300859919,-1.988682950523383,-2.014039356997488,-0.0012008977604898057,31.53911453638972,24.567665011550126,37.6701605139887,-1.9778169312169307,2.660365079365079,3531.578
B0006,54,discharge,1.9242461121680094,3.5668392745025836,2.339723057947995,4.176681511062203,-1.9885447318884866,-2.014851230713757,0.000529325755565477,31.220866832188786,24.224319222372547,37.34166959188387,-1.977594652406417,2.659668449197861,3492.907
B0006,58,discharge,1.9459811331421641,3.571051969392875,2.3997508208942735,4.190384318239257,-1.9885639445355097,-2.013606338093071,-0.0023840361465472604,31.119005145018026,24.029961629396936,37.28979017254232,-1.9776755319148933,2.663840425531915,3511.594
B0006,62,discharge,1.901407930553079,3.5666308474029793,2.491410879472442,4.176973413125379,-1.9880563928902786,-2.014324216253238,-0.0016423681986834993,31.033244078156734,24.015743593007034,37.16794481484507,-1.9772206521739129,2.6591521739130433,3431.9370000000054
B0006,66,discharge,1.878674213680085,3.5527392240854914,2.1387303309558976,4.1734521552365464,-1.9772969675547487,-2.0138293357975146,-0.0013483637694533895,31.001249222460967,23.89771458163466,37.51577848501052,-1.9663858695652174,2.636086956521739,3431.125
B0006,70,discharge,1.8683061328264219,3.5560959755046615,2.346064498302046,4.1764585468168685,-1.9771693646864965,-2.022139165928567,-0.00026012091102195506,30.921434744041356,23.81688709830912,37.24165964092258,-1.966187978142076,2.63872131147541,3412.406
B0006,74,discharge,1.8560244070082998,3.5504500858303394,2.327337743316428,4.17626102066065,-1.9660385076397233,-2.019521715890847,0.00022521118946577974,30.929360248207214,23.762584263292904,37.27233216178077,-1.9552841530054645,2.620950819672131,3410.688
B0006,78,discharge,1.8451997961855777,3.546007083640312,2.4863117233366316,4.172855540858831,-1.9445990482746272,-2.0145859231710013,0.0012030807811573936,31.00810965793079,23.77382410040801,37.207134503019795,-1.9334426229508193,2.5915628415300547,3410.718
B0006,82,discharge,1.857228890885317,3.554257954720065,2.2921663510920895,4.1881878017349035,-1.9769156942357176,-2.01454229289152,0.0017843402447845862,30.96779499306422,23.756892194026193,37.49607769896255,-1.966032967032967,2.635472527472527,3392.719
B0006,86,discharge,1.9247760889090635,3.555857469677978,2.4343006861812118,4.189991619197343,-1.9997552547832569,-2.015096988943597,-0.002790026577360228,31.10097217303459,23.74029655014346,37.250073961181094,1.9882900269541781,2.6473207547169815,3470.672
B0006,90,discharge,1.8822317526092551,3.5537306734803207,2.472619908000758,4.186982490201218,-1.9884344406296768,-2.0246589334484746,0.000219946169021966,31.307368922041046,24.18583594954418,37.39699052067588,1.9771358904109588,2.633427397260274,3414.109
B0006,94,discharge,1.855276687885587,3.5452650003621513,2.403422072720937,4.1864831065416155,-1.9771310999966942,-2.014540253971324,-0.0013831277471471597,31.131339987164562,23.96227406279053,37.2852066420257,1.965976859504132,2.615388429752066,3395.219
B0006,98,discharge,1.8392508917181876,3.538408778928339,2.4006679782182205,4.187721936001791,-1.965705768920947,-2.0140910758505797,0.0011594939858130299,30.828713779105055,23.520157783193987,37.080390421974414,1.9548204419889503,2.5974806629834255,3386.0
B0006,102,discharge,1.8185396073994429,3.5297688311332673,2.3194299432177345,4.184171356892756,-1.9542494702422435,-2.0132183154407977,0.0012199865224596935,30.761533072057244,23.52943289153009,36.98024266357476,1.9434838888888888,2.5765,3368.187
B0006,106,discharge,1.8134770059567056,3.5300676840423306,2.3401731734980076,4.186779863144672,-1.9490605727432448,-2.0142775706959855,0.000712613725765745,31.30305692941581,23.947667716448013,37.598741245467004,1.9379655555555555,2.567927777777778,3368.266
B0006,110,discharge,1.7971018450305436,3.5248882875629555,2.3829603510808774,4.186482965601712,-1.9373547119632697,-2.014866249205715,0.0010041973417186346,31.06432144678013,23.724670891624807,37.33680914521836,1.926603899721448,2.5514401114206127,3358.719
B0006,114,discharge,1.7810046294120476,3.5190926887152725,2.351855540704836,4.184741677172267,-1.9312604088713479,-2.014036681172477,0.0009279755162790197,30.96654665282149,23.509674105704782,37.39499820465976,1.9205871148459384,2.539901960784314,3339.5
B0006,118,discharge,1.7710130422682329,3.5151810230271,2.3535104841115886,4.186114015167315,-1.925413982519257,-2.013562007420154,0.0004104562259902084,30.826455697992966,23.239016261869025,37.35233964342659,1.9147432584269664,2.527817415730337,3331.265
B0006,122,discharge,1.7604712448170943,3.514029112834162,2.3948058223938364,4.186378094589789,-1.9198444871883995,-2.0146073733834746,0.0009332187923950495,31.080769482413952,23.40832459139638,37.58677381866742,1.9089329577464789,2.5166197183098595,3321.188
B0006,126,discharge,1.7502913788006587,3.514139684003936,2.4418858444380294,4.185742966026202,-1.908733158939213,-2.0156412315711094,0.0014623495361316455,31.694287817425337,23.993875243611917,38.207044569893476,1.8977346478873238,2.5037830985915495,3321.844
B0006,130,discharge,1.7394925037732578,3.509578354212467,2.391848815367812,4.1849954235358595,-1.90276801874341,-2.014135597110891,-0.0009765358148676846,31.875581783696685,24.22249363678538,38.340431886092745,1.8917581920903956,2.492796610169491,3311.828
B0006,134,discharge,1.7546766553637203,3.5110708693292705,2.3166154227865463,4.175622772952551,-1.9093247566511207,-2.013918427729744,0.0005605769329787213,31.543288143901563,23.931600807664452,38.521539672721865,-1.8985675977653633,2.512284916201117,3327.391
B0006,136,discharge,1.7659390941842175,3.5159179315855056,2.4110989960643794,4.191704957733779,-1.9306372167933323,-2.0164764928559697,0.0006125224393033973,31.420983409991024,23.80004225730534,38.03707160241571,1.9199203389830508,2.5359519774011297,3312.078
B0006,140,discharge,1.7337887419624838,3.50585340727078,2.4510125175432287,4.185468369564667,-1.907114151507875,-2.014424639912736,0.000726309956247418,31.15837149963786,23.325044766777037,37.934285687720596,1.8967727272727273,2.4963892045454545,3293.172
B0006,144,discharge,1.713325912040734,3.5010379345914444,2.471216186082459,4.184201889006967,-1.8953541357988335,-2.0136840343383655,0.0006105952606363766,31.15661421699882,23.22751550921504,37.88470784051604,1.8847577142857144,2.4762742857142857,3275.328
B0006,148,discharge,1.7024077813673466,3.497407662636496,2.470968641396993,4.185838836583766,-1.8892713805954209,-2.015243276008703,0.0013481309742365592,31.206611383963253,23.20127236203539,38.065368726791895,1.87872893982808,2.463630372492837,3265.016
B0006,150,discharge,1.82371946178183,3.5388872766749144,2.4288023941361625,4.1729165619005535,-1.9819359924929794,-2.014822027548639,0.000883957804000857,33.61169282822636,26.602945710082057,39.788440481350335,1.9711168539325847,2.6103202247191013,3328.937
B0006,154,discharge,1.8081284050314708,3.5327430295356828,2.3551430866643166,4.186982012423103,-1.9653277079992455,-2.014147642384201,0.0013785124508379858,32.85630077141311,25.5878756709222,39.212903178007906,1.9542286516853937,2.586707865168539,3329.266
B0006,158,discharge,1.7757610945034283,3.521214759733266,2.365933525789291,4.186537777937825,-1.9470636598230844,-2.0135457323415866,0.0013469218858249991,32.210981559158874,24.788511221807962,38.66937823121345,1.936715014164306,2.5573767705382435,3301.579
B0006,162,discharge,1.7447409841836798,3.5093111439506677,2.3481961394586457,4.182282350256796,-1.9241628426386395,-2.0143501433980724,0.0011884652184539464,31.965090081650274,24.29903895658481,38.5170065164806,1.913577207977208,2.519803418803419,3283.563
B0006,166,discharge,1.729207034132373,3.50716091973708,2.46945948630322,4.185961817428056,-1.9124470439353747,-2.013955993405398,0.0023455920246722457,31.744801840189538,23.984895747102637,38.292505299491516,1.9018851428571426,2.502922857142857,3275.125
B0006,170,discharge,1.7081086552553244,3.500928918686389,2.4666715880697576,4.1836566973224585,-1.8950209973545986,-2.0143598768040447,0.0008097171102984877,31.876564068962466,23.99541497188152,38.52091685291118,1.8844647564469912,2.4735787965616045,3265.656
B0006,174,discharge,1.6975954237461768,3.4973019898820894,2.4482931262785135,4.184390004467988,-1.8837082435178907,-2.0146981664689427,2.3587764193591595e-05,32.24289319481841,24.295032488841088,38.95436345473558,1.8730355300859598,2.455965616045845,3266.093
B0006,178,discharge,1.6820634524029463,3.4929038301187156,2.4745215382882586,4.184732708741646,-1.8716651994380054,-2.0150505202774576,0.0028840576269616946,32.07305565938816,24.10547107270791,38.731363854696035,1.8611735632183908,2.437537356321839,3257.594
B0006,182,discharge,1.6714768322295086,3.488659224822318,2.469127855241356,4.185835940524748,-1.8654809345089407,-2.016431910751689,0.0008062258329325605,32.030140929891196,23.97620032331416,38.74827601131975,1.855014985590778,2.426706051873199,3248.593
B0006,186,discharge,1.6607591387047655,3.4822930804774015,2.4177173347922416,4.185703389994729,-1.8592903578575999,-2.013961242413253,0.001300028898722823,31.984935871368258,23.819965773306656,38.84227056628921,1.8488052023121386,2.411560693641619,3238.766
B0006,190,discharge,1.651121015038069,3.477575664197982,2.3775131079338427,4.184887437252902,-1.848156298789804,-2.0142789765419593,3.3324869557570366e-05,32.23677365476226,23.938135747847074,39.221381996208315,1.8373369942196536,2.391008670520231,3240.14
B0006,194,discharge,1.6401349256190927,3.4787436506489255,2.443723814618984,4.1845671326128535,-1.8415742473538441,-2.0170700253976435,0.0008339594777993074,32.56097148037261,24.442914706328594,39.466510899162515,1.8310591304347827,2.3845739130434787,3230.109
B0006,198,discharge,1.6291999416165441,3.4740152461288862,2.4324278256917147,4.184590722398005,-1.8297533943331723,-2.0153270924031044,0.002267298724556321,32.48984985901219,24.244880453394085,39.352653481724175,1.8194347826086954,2.3673565217391306,3229.7810000000027
B0006,202,discharge,1.6088496302961666,3.4718387718772696,2.494085641889116,4.181227276564003,-1.8170860697729954,-2.0264444143525524,0.002587585651271363,32.42612199208859,24.11448837545242,39.31890647034385,1.80672361516035,2.3472215743440232,3212.469
B0006,206,discharge,1.6035244898969248,3.463180130644551,2.382347172890769,4.182601669503782,-1.8111560774496664,-2.014269976996697,0.0017194503246426888,32.29984271249387,23.928926832055478,39.47196886600465,1.8008793002915455,2.3328338192419826,3213.219
B0006,210,discharge,1.5989712144027983,3.463469391967206,2.406668297987779,4.183991041340736,-1.8113056300795982,-2.0248983473305704,0.0007053447084269127,32.610757585145336,24.062133136477676,39.74009698783903,1.8004222222222224,2.330254385964912,3203.578
B0006,214,discharge,1.5876273123575604,3.46021805164007,2.4204142690378765,4.182425008087469,-1.803802475704306,-2.0134062122749032,0.00037116990278515926,32.25699351958767,24.423808071870038,39.03600072360686,1.7938815249266864,2.320041055718475,3195.125
B0006,216,discharge,1.5829719744686166,3.462574876665621,2.4507845245525193,4.190985194174346,-1.7982439953659044,-2.014898941623113,0.0010117048958550698,32.47193402838835,24.297842706066838,39.16106395962828,1.788001759530792,2.3176920821114373,3195.3129999999946
B0006,220,discharge,1.567137636713563,3.4537077937586056,2.3930328819230717,4.181860480163402,-1.7857963808615818,-2.014097659688176,0.0007636707747866177,32.40219271195366,24.115666972211724,39.20051799483514,1.7756188235294115,2.2912088235294115,3186.297
B0006,224,discharge,1.5613446139713882,3.4514035349888337,2.3938995980718403,4.183449364094532,-1.7850748194527644,-2.01648199199959,0.0005527600059578974,32.30987415652578,23.949350638183297,39.15878418316098,1.7749634218289088,2.285702064896755,3176.438
B0006,228,discharge,1.5511711892790419,3.450781146333252,2.4373294683003053,4.182943907496545,-1.7785916660457872,-2.014359351341952,-9.517952000869487e-05,32.35440526839345,23.94684852697399,39.18225956809825,1.7684142011834325,2.27503550295858,3167.593
B0006,232,discharge,1.5406741606295171,3.446105572450592,2.3705330061374523,4.182592999177517,-1.7727874712030285,-2.016181081460114,0.0015048652079400844,32.4731363791227,24.029360363522056,39.38159156766375,1.7625065088757397,2.2648757396449706,3167.719
B0006,236,discharge,1.5253138744624433,3.4418152533277144,2.351294851260762,4.1775564354981025,-1.7601807681971697,-2.0224281819207026,0.004482527231908509,32.52334649341759,24.054796737761627,39.44712875501599,1.74993234421365,2.2442967359050443,3159.077999999994
B0006,240,discharge,1.5301570318067428,3.445008015985666,2.436845595522602,4.183199732433941,-1.7653027883569699,-2.015670909853089,0.0010131499204386121,32.518264823491045,24.004853828853747,39.40950590627068,1.7551404761904763,2.251517857142857,3148.829
B0006,244,discharge,1.5246566834474087,3.441164687975023,2.39030487147494,4.183585552184287,-1.7593486488770236,-2.0154336980599203,0.002939357955384793,32.5437072434024,23.98676553992143,39.48443326993031,1.7491755952380952,2.2415565476190475,3149.094
B0006,248,discharge,1.5145492986655427,3.443620591429828,2.4892160721496315,4.183170360974043,-1.7526167898737661,-2.014176241235146,0.005138941784565251,32.562223096007365,23.972655907518135,39.4416762582387,1.7424805970149253,2.232925373134328,3140.547
B0006,252,discharge,1.509391504602082,3.439943269617906,2.450611393803655,4.183501501534186,-1.7516949849801624,-2.0151247064734266,0.0019635914622084336,32.58978020040808,23.95941142019243,39.53866201326228,1.7416934131736526,2.2287305389221554,3131.625
B0006,256,discharge,1.5039974333050705,3.43602719305159,2.4111946043456745,4.183243008796117,-1.7510429704034998,-2.0150071612077523,0.0010096976995750016,32.57089563557426,23.89672125029287,39.5867547936938,1.740908708708709,2.2244174174174174,3121.907
B0006,260,discharge,1.4935201918040188,3.436309312279291,2.4609139768640715,4.182038001412004,-1.7388746112390865,-2.0158858292130217,0.0015563666004580641,32.537854347094196,23.846991377084784,39.499752884420865,1.7288882882882886,2.206984984984985,3122.125
B0006,264,discharge,1.4876323024497422,3.430470227771154,2.378420264362521,4.182440318401142,-1.738622547139575,-2.0170367841185635,0.00120406950854599,32.65645090520509,23.868790356430857,39.9686395722832,1.7289219219219218,2.201558558558559,3121.672
B0006,266,discharge,1.5302876214401704,3.4417311090871063,2.3844697219937414,4.189962701965466,-1.7870762809520677,-2.015207980747731,0.0004792431384679534,33.180785234653264,24.45395460946014,40.42668250871336,1.7769105105105107,2.281807807807808,3120.86
B0006,270,discharge,1.5040760088360112,3.4355429213552537,2.448639661640692,4.181214475643097,-1.7612682208672186,-2.013340550431054,0.0013906428309179838,32.71220835503141,23.812647163051572,40.02451449021777,1.751318429003021,2.239350453172205,3103.828
B0006,274,discharge,1.4887593608730894,3.4272336842373576,2.362869757217078,4.182157933832856,-1.7545532300777185,-2.0143052426244057,0.001681226390227438,32.543943889007906,23.379533041996073,40.02167483360719,1.7445387878787877,2.222924242424243,3095.094
B0006,278,discharge,1.4782779285546637,3.4307536518687556,2.479712742728869,4.1802491747767325,-1.7364250156958492,-2.01522796444188,0.006848118425125903,32.6655410721976,23.483667289937664,40.078211781584145,1.7264660606060604,2.1982545454545455,3095.781
B0006,282,discharge,1.478459982215684,3.430880434209888,2.4609902569842412,4.182775550999248,-1.7371686757879778,-2.0164424024266667,0.0002472528891452739,33.160922870564626,23.948764926788748,40.565789328351094,1.726570303030303,2.195630303030303,3094.328
B0006,286,discharge,1.473214844899973,3.431984614031654,2.4794507375590507,4.182970513713943,-1.7358183569582517,-2.0141732645976056,0.001003005257382598,33.414445545408455,24.305636072230342,40.75221353269305,1.725651671732523,2.1975896656534957,3086.531
B0006,290,discharge,1.4675164935067897,3.426913589626702,2.421513989921717,4.182588389688278,-1.7297302660430056,-2.0145333122938633,0.001953863417311998,33.3541679486525,24.16642252229391,40.71162611325717,1.7195550151975685,2.1855258358662613,3085.625
B0006,294,discharge,1.4516292657521335,3.4220422356705154,2.3927989623544175,4.180388252515709,-1.7278671098991139,-2.0150807231044525,0.002464932477340866,33.13634596100404,23.980795554734595,40.58721297402195,1.7177755351681956,2.179492354740061,3067.203
B0006,298,discharge,1.4519237720967177,3.4202687142856667,2.410475236770924,4.182476201666448,-1.7269073147637581,-2.0151017082510445,0.0011413024919993738,32.92241762841388,23.638284377724087,40.37035790264624,1.7169269938650307,2.1746257668711655,3058.157
B0006,302,discharge,1.4471484694777745,3.4248208106770663,2.4915333699239977,4.182567814531136,-1.7211995934038338,-2.015773418279684,0.0003841275623097243,33.20338483123576,23.829441222036376,40.667923693760464,1.7109233128834358,2.166021472392638,3058.812
B0006,306,discharge,1.4468538105659885,3.4234990883192666,2.444861994529003,4.182606347806988,-1.721141114732718,-2.0165661835906454,0.001218107513799628,33.533950654066935,24.20984647694025,40.990356883952465,1.7108981595092028,2.1674509202453986,3058.578
B0006,310,discharge,1.4416741930284678,3.4247420964314874,2.4840755398082255,4.183047552179642,-1.7200547727480755,-2.018144057635402,0.00043057445010054817,33.5767934055627,24.27322345224107,40.997744028174516,1.7099932307692312,2.1667199999999998,3049.328
B0006,313,discharge,1.5935866593100128,3.450702139255875,2.479017302613424,4.222516216835943,-1.8210481343824243,-2.0143333289759338,0.00029206186344975406,33.224088400657315,24.058176844558602,40.77265883698999,1.810393510324484,2.3214896755162244,3177.219
B0006,316,discharge,1.5463902376915637,3.4480475429907522,2.4820670710190385,4.1909374470770855,-1.821445703423604,-2.016338466932382,0.00020266112069095444,33.37083344726966,24.676724380143,40.522204934304625,1.8107063829787238,2.3284832826747723,3082.937
B0006,320,discharge,1.51470559175661,3.4399481891896455,2.452449045714353,4.183028520369727,-1.7899159936953069,-2.0145951136219593,0.0019503732302666096,33.43366634309322,24.71374963671338,40.57746834859555,1.7796335365853662,2.2768018292682926,3074.266
B0006,324,discharge,1.4989786083335404,3.434112914501242,2.4198491932573414,4.1838942747302825,-1.7769345930773324,-2.0144018884289827,0.0005084867021221242,33.28676739403043,24.452648939888725,40.516963879873735,1.7667003058103976,2.2536850152905195,3066.0
B0006,328,discharge,1.4831110745410492,3.4325600940363916,2.4706823501191706,4.1839835007856605,-1.7640032117743045,-2.015270624937178,0.0007359350635753225,33.14347737377552,24.224651493389036,40.34325381638243,1.7537288343558282,2.231447852760736,3056.437
B0006,332,discharge,1.4729664825468278,3.4270614887575657,2.413759774558071,4.183640209073579,-1.7571701008871028,-2.015800833534411,0.002124212914898989,33.11021541795579,24.107818019162874,40.39341126895154,1.7468947692307693,2.217843076923077,3048.219
B0006,336,discharge,1.4627604396099307,3.427340316812041,2.4562499847243027,4.183387047926521,-1.7502670210777267,-2.0153848289913054,0.0017289535444482576,33.18991802149879,24.152350848480747,40.46341487442664,1.7399543209876545,2.2096851851851853,3039.218
B0006,340,discharge,1.4518364681062514,3.423482197888437,2.401794655879554,4.18356344388626,-1.7439614243216512,-2.017707476586292,0.0015255121086987376,33.26265398635676,24.1926071662797,40.5818264138806,1.7337580246913578,2.1972623456790124,3039.047
B0006,344,discharge,1.4468670644030392,3.4220957701069374,2.4087687236133313,4.18171248971767,-1.736850855663561,-2.0198780169470747,0.0017135739999164965,33.299978841087025,24.238609855596458,40.61670777074496,1.726738080495356,2.186699690402477,3030.375
B0006,348,discharge,1.441380399427779,3.421883545422636,2.4308118485818704,4.1832473219705815,-1.7360045229798653,-2.0197856871193367,0.0020383190496457725,33.31663547841367,24.191028062692588,40.631647661681036,1.7259136645962732,2.183130434782609,3021.0
B0006,352,discharge,1.431210744960774,3.4195777411151886,2.398886415333129,4.183049768329545,-1.729690117077797,-2.015287001210607,0.0021980860706101134,33.39150630507064,24.226474805349635,40.74323383889164,1.7197062111801242,2.174552795031056,3021.75
B0006,356,discharge,1.4260247179525716,3.4175281789596474,2.3814379490849835,4.1830924980863315,-1.7287954627467013,-2.013949066691416,0.0005566103878417646,33.41522427488497,24.22178922960351,40.81715493531611,1.7188218068535825,2.1702990654205605,3012.265
B0006,360,discharge,1.420487649966195,3.4197860540725715,2.459885297095542,4.181536580807847,-1.7216729981632184,-2.015065571425412,0.0018803136776330096,33.39690850726103,24.207764443084063,40.72877617289365,1.71168875,2.161678125,3002.641
B0006,364,discharge,1.4207006230355006,3.4171369298988705,2.4007285025453995,4.172034399629829,-1.7228162229694663,-2.0151971595728613,0.0022542409730723326,33.73731993653,24.266994666970984,41.45494452672042,1.7127171339563867,2.1575700934579443,3012.0
B0006,367,discharge,1.452255804330839,3.4305347141293625,2.472830716079143,4.188427549455566,-1.7486639022205694,-2.0180838913239434,0.008152353556458646,34.08965316576344,25.010523307428713,41.39678877103747,1.7383515527950313,2.2144906832298137,3020.11
B0006,371,discharge,1.431557632772571,3.4250844180972875,2.467318928642863,4.181499335679726,-1.7345160724760178,-2.015157068463395,0.00019789529282717813,33.9987286593769,24.81713061500866,41.36669473718026,1.72423,2.182525,3002.172000000006
B0006,375,discharge,1.415015751158943,3.4171339862792935,2.3692462667540997,4.179546243153898,-1.7271570233190525,-2.013917344838714,0.001392653144198631,33.907397114007345,24.66015421423191,41.37787352037061,1.7170921630094047,2.1661974921630094,2992.703
B0006,379,discharge,1.4097311506517451,3.417521467040602,2.4482618595124874,4.18101558225098,-1.7305179027385762,-2.026182069042455,0.005189848551175063,33.70518417605219,24.417272340572964,41.140956091698214,1.7207164556962025,2.1683006329113925,2964.468
B0006,383,discharge,1.404917318129309,3.4181623236680356,2.4598632768748825,4.182667734360821,-1.7141443638380731,-2.0154806588037197,0.0017804365403169887,33.7458832944166,24.34226965648951,41.2168813199875,1.7036974842767298,2.1433930817610065,2983.375
B0006,387,discharge,1.395164296571563,3.420331935905118,2.497869764845928,4.179947555799937,-1.7067823273466607,-2.014398878088724,0.0004526100127092855,34.01657212624259,24.68862064835225,41.40391881889191,1.6965444794952687,2.1350851735015777,2975.297
B0006,391,discharge,1.3945343832614077,3.4192916311692465,2.472236707252471,4.182316086490744,-1.7063596521950202,-2.015379938834276,0.0004074114617765993,34.175023374593785,24.83379380277289,41.586571331198584,1.6964075709779185,2.136123028391167,2974.9850000000006
B0006,395,discharge,1.3893171179312644,3.414352330355796,2.4278749904763077,4.18300582450457,-1.7052696591517462,-2.024938600791225,0.0027319664703010157,33.976109677640174,24.567907151996646,41.43504077863728,1.6954037974683545,2.1306930379746833,2966.25
B0006,399,discharge,1.3838379472327809,3.412701167144591,2.4275905200235055,4.1825046060820625,-1.7046265574439607,-2.027018156432659,0.0013872942238959522,33.84150372451663,24.35845427718724,41.37436880579148,1.6945047619047622,2.1253079365079364,2956.359
B0006,403,discharge,1.3736814238195123,3.410409522809144,2.37337869163978,4.179533028548021,-1.6985503106996724,-2.014779909755338,0.0037299171946931393,34.1008464215818,24.62149945751311,41.66477948989921,1.6882679365079367,2.116161904761905,2956.344
B0006,407,discharge,1.3786059891863676,3.414419320260644,2.4248604132549767,4.18250512422575,-1.6982347588599789,-2.0151111715849144,0.0014127620211878914,34.34663683304219,24.908657981582394,41.81816829502593,1.6881828571428574,2.1187873015873016,2956.406
B0006,411,discharge,1.3737600299108574,3.4131710032395315,2.426962848243194,4.1828227593786,-1.6971165805711328,-2.0151664181090267,0.0008856833378857151,34.216231530637586,24.777867901281315,41.686647000781186,1.6871496815286628,2.116595541401274,2947.266
B0006,415,discharge,1.3682580583942712,3.4107019261975147,2.417287750352038,4.182413969607667,-1.6959199401004303,-2.016248522283907,0.0022565477410673076,34.041617020161176,24.55493670403353,41.565382893773936,1.686141853035144,2.1117763578274764,2937.984
B0006,419,discharge,1.3633024037317505,3.4089059214760367,2.4185087281747166,4.182451170946608,-1.6953163120957457,-2.015018401452086,0.002945843089707679,33.890212870710734,24.318017130660255,41.46394809540406,1.6851794871794874,2.1078525641025645,2929.125
B0006,423,discharge,1.3580966140172601,3.4134080258317576,2.480937393224248,4.181305580928812,-1.6890383512433216,-2.014808414619914,0.0017870517833380544,34.116762412437,24.575299028638764,41.6123634180086,1.6788750000000003,2.0984102564102565,2928.454
B0006,427,discharge,1.353269090999531,3.411221044859532,2.4078214169511205,4.1804870315884735,-1.689240311218937,-2.0149941642208877,0.0009686723211606385,34.490493589415046,24.98269073769502,42.0075404495327,1.678894230769231,2.102355769230769,2929.375
B0006,431,discharge,1.3841605738237488,3.4155210852213678,2.433234589649132,4.163570261072192,-1.7102007614808157,-2.014889154962298,0.0021530897065765533,34.23744800906639,25.141147272482755,41.61679232360952,1.7000292993630577,2.1353503184713376,2946.031
B0006,433,discharge,1.4051467790651473,3.4229838362549794,2.440822893388958,4.190012868765637,-1.730244918610445,-2.021897889619746,0.0009450807694683962,34.41428886050454,25.169349346251153,41.80245062827161,1.7199250793650795,2.175015873015873,2955.438
B0006,437,discharge,1.378719022627353,3.414757022019347,2.396078253891397,4.182418011462176,-1.7152465923901479,-2.013990107965066,0.0022862143567549285,34.16445180476378,24.821438212878718,41.653004783464006,1.7053041533546331,2.1417571884984024,2937.625
B0006,441,discharge,1.3682657783199066,3.41435871627236,2.449306948268824,4.182070839014939,-1.7013404928191733,-2.0141794769710484,0.0017603003484055497,33.877146811272176,24.44823164208337,41.36061809844917,1.691546794871795,2.119301282051282,2929.078
B0006,445,discharge,1.3573151296618016,3.4091886698418046,2.384185417166802,4.182701902443236,-1.7004366132157598,-2.014245767720947,0.002448164539924058,33.839566254190565,24.316938949769007,41.42815616511055,1.6905717041800645,2.1133504823151124,2918.375
B0006,449,discharge,1.3524934638801596,3.411930366643558,2.4440756213040964,4.182270325485355,-1.6873533635265776,-2.013969299900083,0.0010573004756267543,33.818304796930946,24.299358283075954,41.343265645039,1.6777163987138264,2.0969067524115754,2919.812
B0006,453,discharge,1.3474099151661236,3.4094417183837504,2.4296014294774673,4.182394535290608,-1.6919294969110734,-2.014779898380345,0.0016960165224917886,33.812621135472135,24.255785257635935,41.38118673567723,1.6821016181229778,2.099783171521036,2900.422
B0006,457,discharge,1.3370075130842318,3.4081896097479882,2.41022288115442,4.182061947471753,-1.6852952939579415,-2.014211676143238,0.0020320718333584533,33.79894614410012,24.22667614097166,41.378450473707446,1.6756323624595473,2.091456310679612,2901.375
B0006,461,discharge,1.3312352966718526,3.40737851449911,2.4098927032454966,4.182288987105723,-1.6787428835073943,-2.0146307921789908,0.008037676680716626,33.702723745621576,24.08401483096836,41.306600641009794,1.669153398058253,2.0804304207119744,2901.187
B0006,465,discharge,1.3259303781727643,3.4085862639015,2.453938411405305,4.179662143533188,-1.6712137513430336,-2.013369705800471,0.0010416352989289336,33.63562651984647,24.032744419693664,41.204081036719124,1.6616019480519482,2.070675324675325,2891.64
B0006,469,discharge,1.321578743867529,3.404843616147767,2.3940396792395253,4.181392635232333,-1.6768931248947176,-2.0139825284473383,0.0013051127215942834,33.690724061796516,24.035049734679703,41.32955629442644,1.667013029315961,2.0741107491856674,2882.906
B0006,473,discharge,1.321225074066109,3.4081057374178703,2.45134737470238,4.182099866234647,-1.6701186583642826,-2.0138921521532196,0.0019059149885720526,33.71317033815572,24.066996312466095,41.300370296451625,1.6604905537459285,2.0671433224755704,2883.265
B0006,477,discharge,1.3156485301862682,3.4091728540380735,2.475014603796582,4.182054276922838,-1.6634753413292604,-2.013710255019385,0.004822714606532057,33.65376593260611,23.996723972247743,41.243646229563595,1.6539713355048862,2.0594495114006515,2882.969
B0006,481,discharge,1.3209025697502388,3.4110817622184233,2.4569179775419294,4.168816046299314,-1.6645875549232958,-2.0145340492151043,0.0016790557813109385,33.983578066068176,24.663353868241057,41.36464929786556,1.655229220779221,2.0605162337662337,2891.656
B0006,483,discharge,1.3474328767273906,3.4167486246717154,2.438240626221148,4.190149239555381,-1.6918384605140158,-2.01382438347875,0.0011291190058123485,33.816348135475515,24.805357555777945,40.89285784811417,1.682086084142395,2.11257928802589,2901.25
B0006,485,discharge,1.3260128072353616,3.4169689184247174,2.4946397780995584,4.187196878135145,-1.6711981411684529,-2.0133154561700204,0.0015509192623282008,33.60692030225909,24.568710436075083,40.652964511118334,1.661601298701299,2.0812435064935064,2891.703
B0006,489,discharge,1.3101186784831063,3.4105763913818787,2.4367455144223555,4.18232296515852,-1.6632769410531225,-2.0139168871011672,0.00178074624019554,33.47350597721994,24.308667818003084,40.58410707337388,1.6539661237785017,2.0597035830618893,2883.016
B0006,493,discharge,1.30521620229393,3.4113335283009314,2.4858689968085326,4.1822817387062585,-1.6559085740676296,-2.0142276812428177,0.0011362898765440136,33.209178727620106,24.003796003990193,40.322783635307104,1.6463424836601308,2.047421568627451,2873.453
B0006,497,discharge,1.3004061951355774,3.4081283345557187,2.3957550201907916,4.181394192711236,-1.6561009220603313,-2.0140803684449082,0.001125807644408657,33.58088963686094,24.359100181053126,40.78032921971219,1.6463797385620917,2.046859477124183,2874.031
B0006,501,discharge,1.300235735841116,3.4125732422699135,2.4504684570147006,4.182109437180301,-1.6493259508429792,-2.014831579693271,0.003538590469666894,33.76400861956033,24.621773390889473,40.85731522464202,1.6397601307189542,2.042049019607843,2874.234
B0006,505,discharge,1.2895066722480755,3.407693686560286,2.3942028718004007,4.181210531150237,-1.6481131076816375,-2.014857985605384,0.0007121321492493882,33.57003564415372,24.362440700162463,40.74860220857894,1.6385731147540985,2.0371573770491804,2864.984
B0006,509,discharge,1.279253057384795,3.4073499608041957,2.4303844034459368,4.180183763169455,-1.6402541382604887,-2.013906118562721,0.0020706037950560794,33.272050895552354,24.05758090644101,40.472276230208436,1.6307546052631579,2.026506578947368,2855.093
B0006,513,discharge,1.2792078171714618,3.409292163767801,2.4755630989048205,4.181641969595387,-1.6339151095418003,-2.01480412850878,0.001176065085161298,33.12740933210319,23.840036551906117,40.28187574900838,1.6242565789473684,2.0159078947368423,2855.625
B0006,517,discharge,1.274036760902923,3.4095492354804775,2.446712151873903,4.1818501497507565,-1.6340244573659812,-2.014522533445452,0.0019702593856607345,33.439116773449626,24.11614509838886,40.637565231244686,1.6243105263157898,2.0158914473684213,2855.594
B0006,521,discharge,1.2741273923001468,3.410318915287339,2.4607112018206894,4.1817089329030335,-1.632488007933941,-2.0149438038428857,0.004049537026825638,33.482874768414376,24.248375431600596,40.64243349478575,1.6230323432343237,2.0155148514851486,2847.437
B0006,525,discharge,1.2637639426440779,3.409269478846637,2.4619788522973796,4.178725976011113,-1.6192610042624402,-2.0150039133931816,0.0014280969271294325,33.22136307064441,23.97276387413658,40.38713367022122,1.6097742574257425,1.9971023102310232,2847.36
B0006,529,discharge,1.2581373688955233,3.4094374435069095,2.4999079970509284,4.181148894438262,-1.6178242977824624,-2.015129426588159,0.0037301935665104953,32.98562738901426,23.67821307261489,40.15316398972329,1.6084596026490063,1.9933178807947018,2837.328
B0006,533,discharge,1.253259864055301,3.403885091976961,2.4061574188511727,4.181246648937272,-1.6181015728870058,-2.0157490612295734,0.0014360032513640252,32.970182781539556,23.518722627950357,40.26211669866818,1.6085456953642383,1.987609271523179,2837.281
B0006,537,discharge,1.2532313315493426,3.4065929107527846,2.40921365026611,4.1821248744689274,-1.6180985297864203,-2.014223314502266,0.008808612211148337,33.31018716138479,23.900390232503312,40.65437976632703,1.6085774834437088,1.9903609271523177,2838.515
B0006,541,discharge,1.2480874960313577,3.4095930016592684,2.4705399687343235,4.179545017207998,-1.6103535053387172,-2.0163352495806492,0.0018528412705641154,33.23406652671602,23.927161901061876,40.41021687551566,1.600601993355482,1.9811196013289036,2828.328
B0006,545,discharge,1.2534354284944844,3.409409922814414,2.4996841687041944,4.164241788212258,-1.611644410040853,-2.01499403966668,0.0006572950596480301,33.117656712920734,23.563221777928874,40.49521984011741,1.6019509933774836,1.9821854304635758,2838.265
B0006,548,discharge,1.2898048773266901,3.4195489282896943,2.4839695531514434,4.189238693156103,-1.6420364978388977,-2.0181368086516467,0.0011420403060800586,33.78417036686004,24.182986071194534,41.357879741754175,1.6320570491803281,2.0376426229508198,2864.547
B0006,552,discharge,1.2635402021758835,3.4151799904187996,2.4675402264113453,4.180842923747738,-1.6194806393973795,-2.0142774492167734,0.0006389432339644004,33.806439563441614,24.13790128994837,41.37902988743146,1.6098072607260727,1.9978811881188117,2846.39
B0006,556,discharge,1.2479761706842853,3.4154594925159083,2.4946438160388325,4.18123823034649,-1.6048643562670923,-2.0138128429431967,0.005781248307535802,33.63735785291911,23.963097388160715,41.20920760771975,1.5952569536423842,1.9760331125827812,2837.969
B0006,560,discharge,1.2321202877943334,3.4130336456755868,2.4577382116375843,4.1798277092808815,-1.5916400783224371,-2.0149177563869873,0.0023397381848139728,33.58195933847606,23.85096067907487,41.20630554355683,1.5820225165562913,1.956155629139073,2838.156
B0006,564,discharge,1.2271137666213534,3.4094524356574096,2.40986495422137,4.180792839927961,-1.5901105081883435,-2.0149300788502975,0.0010089516629164148,33.56245583951572,23.75303412345965,41.28239317323536,1.5806332225913622,1.9503654485049833,2829.843
B0006,568,discharge,1.2217397581377356,3.4138496008165014,2.479418189447868,4.181365190126037,-1.5767754479909835,-2.0147963353542564,0.000859480585004194,33.5111267532655,23.71579098948608,41.1595683576961,1.5673415282392025,1.934295681063123,2829.625
B0006,572,discharge,1.211102678915174,3.410900672125043,2.434585389303289,4.180594670510683,-1.575262673173442,-2.015518745222527,0.001199208658635817,33.53675907012135,23.759120931060004,41.230427315370186,1.5659100000000001,1.9295033333333333,2819.437
B0006,576,discharge,1.2056159765131735,3.4105744140130074,2.425682710641569,4.181424135030176,-1.5684640005188113,-2.0147884579094577,0.0016688329956906312,33.49803069556778,23.662315778660414,41.21487873613708,1.559248,1.9212266666666664,2819.579
B0006,580,discharge,1.2008936262717274,3.4096514247359915,2.417924401749313,4.181921994951423,-1.5671286757845893,-2.0146138657111945,0.00267138921983699,33.516977262709986,23.65025525718372,41.27439823262361,1.5578481605351175,1.9177391304347826,2810.672
B0006,584,discharge,1.1905903985558335,3.4128578373442537,2.4541577949851603,4.179593598747663,-1.5537993411647462,-2.0148417510809367,0.002105455435076752,33.531923269271225,23.716467103089535,41.237668013317766,1.5444735785953179,1.902561872909699,2811.485
B0006,588,discharge,1.185179251041941,3.413450901705652,2.463616101176541,4.180557596235595,-1.5521827524962775,-2.013981544237104,0.0030546197767952537,33.567636169584304,23.75283925140291,41.24068073261839,1.5429087248322149,1.9005973154362414,2802.422
B0006,592,discharge,1.1796706818144624,3.414388187503409,2.470375229475307,4.181414159913002,-1.5452652929126827,-2.014023708028726,0.0020243726684846712,33.60493096509702,23.806067140125037,41.28133907077437,1.5361557046979863,1.89253355704698,2801.625
B0006,596,discharge,1.1745952836753915,3.412419038813061,2.4357634426689945,4.180815073540562,-1.538651770825325,-2.016504705213686,0.003941121782864298,33.54281440778599,23.71321070187237,41.28338645880181,1.529481879194631,1.8808456375838924,2802.031
B0006,600,discharge,1.15381833159625,3.4148103057455175,2.481190011798763,4.1697037841892834,-1.5169723774339863,-2.0192733708647617,0.002247664734570795,33.472459360982775,23.707339766856947,41.149193043289586,1.50773468013468,1.8533265993265997,2793.39
B0006,604,discharge,1.1644009557372264,3.4166177332601,2.491537251958465,4.180283727512206,-1.5238501013926742,-2.014625681416588,0.0020222968056506606,33.58210389885497,23.791460085164704,41.26268252018065,1.5144821548821548,1.8630269360269358,2793.39
B0006,608,discharge,1.1587974947916069,3.4121341541171764,2.40904100737121,4.181170015245673,-1.523792814686802,-2.016243208356173,0.0003659402321130544,33.6634605108384,23.802896883148367,41.45791806300034,1.5144888888888888,1.8599494949494948,2792.485
B0006,612,discharge,1.1749748834769171,3.419700177568569,2.475767645530351,4.1575524997258,-1.5391310859398721,-2.013736316594881,-0.000423769574389527,33.730546074122294,24.698597962486065,41.11666214070682,1.5295798657718125,1.8894697986577182,2802.016
B0006,614,discharge,1.1856752327929356,3.4234687742187893,2.4160441724133666,4.188511527828155,-1.5426703969635054,-2.014876364498059,0.0032206172427055937,33.8912822372509,24.907725860706154,41.36263766174168,1.5328073333333334,1.89745,2820.39
B0007,2,discharge,1.89105229539079,3.522006703394617,2.145975766935391,4.199497433806136,-1.8691188840185695,-1.9968672421771276,0.0009103844987851796,32.62485875142121,23.92407356409745,40.59042914535701,-1.8782,2.4725939086294417,3690.234
B0007,4,discharge,1.880637027686859,3.5319490434317116,2.1110166987852117,4.198510349854315,-1.8680422715350309,-1.9943911963511516,0.003601550603928921,32.738209593287145,24.261106709876195,40.26023408628707,-1.8775836734693876,2.4823724489795915,3672.344
B0007,6,discharge,1.8806626717011388,3.5344025220217845,2.0251085128182655,4.198280074112568,-1.877784734502072,-1.994681656822022,-0.0010276902277484255,32.68511456550919,24.3190033925327,40.27558633997852,-1.8872092307692305,2.496902564102564,3651.641
B0007,8,discharge,1.8807709009833444,3.53492504932652,1.922542180649595,4.198267468745592,-1.8875256535871228,-1.9952731083659303,-0.0006983471237198692,32.554748499572646,24.223578724887073,40.29314715799111,-1.8969360824742265,2.509113402061856,3631.563
B0007,10,discharge,1.8794508728285058,3.534536640068787,1.8711590450649882,4.198464224146956,-1.8871559747738404,-1.9935500451030046,0.0005983417342468405,32.46787845303298,24.13830760704513,40.268872630219796,-1.896936082474227,2.5085257731958763,3629.172
B0007,12,discharge,1.8807003517117404,3.5411626672196816,2.1756867065903434,4.197967993115647,-1.8675154082122565,-1.9941041745764116,-0.00042434758525011757,32.48624734055599,24.135840711684263,39.67620802332074,-1.8769579487179486,2.4888256410256413,3652.281
B0007,14,discharge,1.8799352523566075,3.541165612176161,2.1117887156019437,4.198023461704379,-1.8673304059806155,-1.993164510431567,0.0005401764510727361,32.55779966353037,24.255515986671373,39.803817662926164,-1.876956923076923,2.4896871794871793,3650.828
B0007,16,discharge,1.8815088124038797,3.5494581176357975,2.026250619894166,4.199372697237068,-1.9063154499484403,-1.9936540341331743,-0.0003281718194490804,32.45374435641106,24.302952144966042,39.88810476942348,-1.9162554973821986,2.542727748691099,3572.453
B0007,18,discharge,1.8696907870385844,3.5502805464079743,1.9505894332906037,4.19921182024681,-1.9164259300038171,-1.99377953803378,0.0005697252689816581,32.373246444985035,24.257530932186896,39.95162250671474,-1.926337894736842,2.5552315789473687,3550.594
B0007,20,discharge,1.870052380139199,3.5481347674910286,1.8688247067658061,4.198957678253482,-1.9165016044519978,-1.9937831213829802,0.0035107556642499692,32.30534276235138,24.189583713016194,40.052021854718284,-1.926337894736842,2.5536421052631577,3551.25
B0007,22,discharge,1.8700442394188577,3.5484272148956437,1.7896213776724978,4.198832114024662,-1.926771167846017,-1.9942511729128334,-9.593499764332657e-05,32.183319483399806,24.062655752137022,40.1213838436794,-1.9365269841269839,2.5636931216931216,3530.25
B0007,25,discharge,1.8596518987766364,3.5560433603714667,1.910336108594535,4.198945227315025,-1.936979366983281,-1.9938120330189373,-0.0018154689461531233,32.378853181816005,24.334878490739897,40.174657039770814,-1.946539037433155,2.5809304812834224,3491.016
B0007,27,discharge,1.8590746560862206,3.5604849642800684,1.9086884059809102,4.1990513028067955,-1.947065774665518,-1.9942213710086447,0.0021769059281878883,32.2913249500013,24.352069874766624,40.016434730174936,-1.9570010752688174,2.5966720430107526,3470.281
B0007,29,discharge,1.8590084577709232,3.5562872542469752,1.7868782934275431,4.198107645780677,-1.946961601670498,-1.9939995868905829,-0.0004508051048845279,32.14782797344657,24.125190486792466,40.16569230743226,-1.9570010752688174,2.5927365591397846,3470.0
B0007,31,discharge,1.8593622586957048,3.5647746218187324,2.1361343961784502,4.19925638222589,-1.946851050742258,-1.994356138623711,-0.001132462861187769,32.01380948237792,24.072501109913752,39.46139677634257,-1.9567697297297295,2.600535135135135,3450.297
B0007,33,discharge,1.8587355450601035,3.565438928797127,2.0133501283179167,4.199087384946408,-1.9574063719005568,-1.9935665024864544,0.0005922421493807632,31.881310103471357,23.938131916668528,39.5636595172155,-1.9674,2.6122010869565218,3429.407
B0007,35,discharge,1.847817291322145,3.565961679108638,1.8575547668336483,4.199009971925293,-1.9680136940585706,-1.993742172224942,-0.0019590482402041375,31.854304304240515,23.932016714666645,39.628948319501816,-1.9781475409836065,2.6224972677595626,3409.484
B0007,37,discharge,1.8485252916137047,3.572496559005355,2.1657556124208934,4.1985172274243965,-1.9680499927642312,-1.9946244036549008,0.0004326258514957495,31.856555404576753,23.976819790445433,39.225347214914876,-1.9780274725274725,2.6290219780219783,3390.422
B0007,39,discharge,1.848378951850034,3.5699492020415136,2.0270686341513207,4.198245740608724,-1.9680218912213907,-1.994455565707021,-0.0024409084852146062,31.867182607083926,23.980775695020398,39.4126321606434,-1.9780285714285712,2.627120879120879,3390.281
B0007,42,discharge,1.8807805437609766,3.5464338449590023,1.905311669649934,4.196262462698172,-1.9066656790606797,-1.9992261048783584,-0.0008292148953224378,32.35216872128999,24.35868522365832,39.95874037686836,-1.9166916666666667,2.5370052083333334,3591.734
B0007,46,discharge,1.8814721597443598,3.5531968089006387,1.7951975189442124,4.1969587758867,-1.9267118604677658,-1.9940266531677509,0.0007573311396121474,32.60219299451182,24.65025766803762,40.31302300333008,-1.9368610526315786,2.5664526315789473,3552.297
B0007,50,discharge,1.8810954313244785,3.5599340214678805,2.1058524852518143,4.197071720130598,-1.9260915660103672,-1.993858646326954,0.0013452537587627588,32.19571819720114,24.306273974736932,39.359447242364645,-1.9365269841269839,2.5725449735449737,3531.578
B0007,54,discharge,1.8710089649779995,3.5595604968237993,1.846021007590992,4.19690260801443,-1.9468340181835688,-1.9927272592846585,0.0006146261200233335,31.805988160181123,23.946713982155597,39.454159451189874,-1.957232085561497,2.593903743315508,3492.907
B0007,58,discharge,1.8701995151941375,3.552385161941813,1.7370300333706354,4.1966416719103465,-1.9364196896718646,-1.9934659604006035,-0.000273936052171472,31.737001978644926,23.7951049382806,39.641748274009444,-1.946823404255319,2.576686170212766,3511.594
B0007,62,discharge,1.8706715362800985,3.5707670304281067,2.0506492642329937,4.1971302559922,-1.9675984733558025,-1.9930006393050421,-0.00037863003489925804,31.51707667966367,23.718457017715572,38.86906912217273,-1.9782673913043478,2.6249402173913046,3431.9370000000054
B0007,66,discharge,1.8596124644020169,3.5657224847439295,1.8254369744762284,4.19652461108806,-1.9680130544442065,-1.9947910338783705,-0.001495415658066508,31.442860781038384,23.64183560576637,39.11839966443177,-1.978266304347826,2.6197717391304347,3431.125
B0007,70,discharge,1.860033909718346,3.5712835067487094,2.134879000684994,4.196790308710931,-1.9675572757550353,-1.9956093835681803,0.0005398984445576489,31.32326275303232,23.519892775337357,38.68010761281634,-1.9781486338797813,2.6257158469945354,3412.406
B0007,74,discharge,1.8591653109160768,3.5679716274891398,1.970455493406623,4.196693048697735,-1.967618505240168,-1.9936520198661494,-8.502750867487407e-05,31.28571570579735,23.467259682273063,38.863045678198645,-1.9781475409836065,2.6219016393442622,3410.688
B0007,78,discharge,1.8481398178778288,3.5646314038791784,1.8132694309760007,4.197078923354,-1.9678214300979182,-1.9944764248874858,-0.0021454320098209796,31.331850868998004,23.492198340361576,39.14531169811219,-1.9781475409836065,2.6185792349726777,3410.718
B0007,82,discharge,1.849201702126164,3.568983888921194,2.0483657324095637,4.196062203382386,-1.9675056354779956,-1.9940826161567085,-0.002512174488189696,31.32285733932258,23.51112503683739,38.8380564174779,-1.9780274725274725,2.6230274725274723,3392.719
B0007,86,discharge,1.8834677437950846,3.564620688944316,2.181560983985832,4.206531081984383,-1.9683447778186904,-1.9940812941255717,-0.0020329549327671587,31.608436452122476,23.527236127318186,38.95965174080089,1.9784425876010778,2.6102048517520213,3470.672
B0007,90,discharge,1.8628211117905844,3.5694388142217837,2.1177799354077496,4.203187727641822,-1.9788067754387157,-2.003329552797809,0.0016192589541852626,31.782101501165204,23.9542942093336,39.053875772291974,1.9890438356164384,2.625654794520548,3414.109
B0007,94,discharge,1.852085039652352,3.568742147335628,2.1637448793153697,4.202997027311235,-1.9785908218423578,-1.9938003511879974,-0.0016772567366890668,31.515041989202878,23.73407143959736,38.699551697978606,1.9889834710743801,2.6261184573002754,3395.219
B0007,98,discharge,1.8469504648208708,3.5642424070467817,2.0456561472058055,4.2027504558714135,-1.9784335668087778,-1.9942339530946611,-0.002490125507280818,31.13866351339678,23.309807963383705,38.6052414906155,1.988953038674033,2.62296408839779,3386.0
B0007,102,discharge,1.836828431169018,3.5653038098527605,2.1356202266992863,4.202665067816707,-1.9781601679702336,-1.9932621441916,0.00021208804630958597,31.068710515588776,23.305948209951065,38.42604747702835,1.988892222222222,2.622475,3368.187
B0007,106,discharge,1.8371619619672275,3.565432167703823,2.042987153745025,4.20243913428064,-1.9783765899690637,-1.9932668899112056,0.0016978688568831312,31.618244836823447,23.739006255698545,39.0468968949422,1.9888916666666665,2.6205944444444444,3368.266
B0007,110,discharge,1.8316722583718854,3.5622303163451425,1.9786162394118947,4.202794567899269,-1.9780771457931066,-1.9945447573637072,0.0006200071499489343,31.331528063668397,23.487622777066665,38.836764958613884,1.9888607242339833,2.6193119777158778,3358.719
B0007,114,discharge,1.8211470951317783,3.564481026852489,2.15845357648832,4.203135326288817,-1.9780971417908424,-1.9937887547057833,0.0003106338402807465,31.132569191182142,23.2595984254445,38.49981470604549,1.9887988795518206,2.62209243697479,3339.5
B0007,118,discharge,1.816506091511515,3.561614556780574,2.092603698932653,4.202837061508687,-1.977978349880126,-1.992201283338572,1.0269396682341148e-05,30.972969676157927,23.021675511770262,38.582340147970775,1.9887674157303368,2.619429775280899,3331.265
B0007,122,discharge,1.8113815601504555,3.5630587459190144,2.1528886431678034,4.202745735932991,-1.9784334957218421,-1.9945004268443043,0.00063068070763254,31.1990648511682,23.189779567510282,38.787499833494046,1.988735774647887,2.6181464788732396,3321.188
B0007,126,discharge,1.8116056333939583,3.5629534367704405,2.0537418826405966,4.203198796599359,-1.9782873833989176,-1.9931746766502974,0.0005017093700327061,31.722267598269813,23.746627825123486,39.31221126031847,1.988735774647887,2.615780281690141,3321.844
B0007,130,discharge,1.8060548955557403,3.563446012076242,2.0793300586339956,4.202901668731174,-1.9781961432676651,-1.9946160382197378,0.001495453213727525,31.900827580605675,23.98219553879158,39.40567993360536,1.9887039548022596,2.6175169491525425,3311.828
B0007,134,discharge,1.8132041826994056,3.563998342345823,2.0759793304520757,4.196154302326916,-1.9670969462670498,-1.9952878943511754,0.0009071057750656541,31.5372402498617,23.71372956170196,39.32802757827611,-1.9776592178770949,2.6138212290502794,3327.391
B0007,136,discharge,1.8062641938283535,3.5604902283110547,2.0674349483094465,4.2044772244864275,-1.9781214643703728,-1.9951041266249487,-0.0007153493376797931,31.24662583059252,23.52099861667097,38.6112528181758,1.9887039548022596,2.617338983050847,3312.078
B0007,140,discharge,1.7958310249900458,3.5567002097886946,2.037264031192436,4.20211656315423,-1.9780364457328714,-1.9939079880095492,-0.0012469857773277939,30.939399361884792,23.07246859020669,38.569726951286874,1.9886397727272724,2.612715909090909,3293.172
B0007,144,discharge,1.7858852600390451,3.5584127263446006,2.1632674190148338,4.202901194454151,-1.977935781469453,-1.9931708315999248,0.0005268652442651537,30.884857004354572,22.983640218520346,38.34572083526661,1.988574857142857,2.613202857142857,3275.328
B0007,148,discharge,1.7803268604502753,3.556136820956992,2.106631526845483,4.201790697233378,-1.9780170042003,-1.9937766833094566,-0.0024226440673283433,30.920682316695828,22.969922978716898,38.482540634946716,1.9885421203438394,2.6110458452722063,3265.016
B0007,150,discharge,1.8150756899575577,3.568999942180493,2.1809272860788376,4.191916354433964,-1.9779140108313502,-1.993416647067197,-0.00017580190974296852,33.880577817079796,26.46604285791351,41.0499421893331,1.9887668539325842,2.621143258426966,3328.937
B0007,154,discharge,1.8157025154845838,3.571059290544873,2.1773498094527195,4.20342192245769,-1.978162017642311,-1.9946576173158321,-0.0012601283929447712,33.038339318294426,25.38232315092876,40.361944885615415,1.9887668539325842,2.6257780898876404,3329.266
B0007,158,discharge,1.8002432178056673,3.5666921284622095,2.180136101967249,4.202807443974011,-1.9779553399945098,-1.9927642557550822,-0.000769330814282425,32.27329169539202,24.501910100578034,39.6676965288026,1.9886719546742206,2.6228470254957506,3301.579
B0007,162,discharge,1.7904476205609308,3.563327431073248,2.1286295199076855,4.203276539809248,-1.9779914337720734,-1.9950332824030974,-0.0006536943792753395,31.937919783481355,24.043121291612863,39.481181404811096,1.9886068376068375,2.6202336182336183,3283.563
B0007,166,discharge,1.780343032300132,3.5590146214829015,2.155901281560187,4.202580870413733,-1.9721889844228178,-1.994232501388858,0.0007008105306003851,31.688686599521045,23.724772219746917,39.419051143069204,1.9828617142857141,2.6111257142857145,3275.125
B0007,170,discharge,1.775328769596812,3.5566945836342914,2.067103728219671,4.203244171517053,-1.9723254573804139,-1.9927179646840105,0.00015040857434587754,31.779120691032947,23.738337987235628,39.72196117128354,1.9828131805157594,2.6064756446991404,3265.656
B0007,174,discharge,1.7702629734732853,3.555013984911923,2.0619831864543094,4.202697222668131,-1.9668382736785281,-1.9937154240389596,-0.0009153700172719097,32.133873372089305,24.06931067212055,40.041366724781085,1.977084240687679,2.5986475644699145,3266.093
B0007,178,discharge,1.760081061854204,3.5526373754067415,2.143037413381466,4.202581421564202,-1.960929600351624,-1.9925505277409798,0.00014659719067076842,31.889431533099835,23.857377552308677,39.66314441864834,1.971272988505747,2.5923706896551724,3257.594
B0007,182,discharge,1.749647593537689,3.547186025484395,1.9929057988209282,4.201275185814673,-1.9607588424014128,-1.994265959280498,-0.0009119903753978465,31.81736328028127,23.739137412822192,39.84751541049116,1.9711896253602306,2.5875792507204616,3248.593
B0007,186,discharge,1.749650075059311,3.546814755244375,2.0335961968180234,4.202508747096239,-1.9607439129501683,-1.9932021181710204,0.0010974883571477682,31.72316205746117,23.58399487368775,39.743357771631004,1.9711063583815027,2.585832369942197,3238.766
B0007,190,discharge,1.745028739214683,3.5447850172972655,2.0213017345171265,4.202333230196108,-1.9550964299704847,-1.9932663431900044,0.0017748697671920149,31.957150654392294,23.708228344468015,40.07246786936068,1.965328323699422,2.5751329479768788,3240.14
B0007,194,discharge,1.7396457455286727,3.5465215420964156,2.0789964919635966,4.202490707154508,-1.955058998571939,-1.9938941800121164,0.0005136007463939187,32.29917704213345,24.21598770999788,40.247716114003914,1.9652278260869565,2.5768289855072464,3230.109
B0007,198,discharge,1.7285642277717963,3.540832547654255,1.9925354808829658,4.202290557382721,-1.9491545130405272,-1.9929599237339224,-0.0018160550004962658,32.128842946565555,24.018596493562136,40.27220819224188,1.9594318840579708,2.5659449275362323,3229.7810000000027
B0007,202,discharge,1.723900324588418,3.542992511358393,2.14041602578448,4.20313824854604,-1.9485230174751031,-2.002837999763986,0.0002657157345997756,32.021134355757404,23.868157730931408,39.89848456781458,1.9591953352769678,2.5676618075801754,3212.469
B0007,206,discharge,1.7139788776485192,3.5360811169860216,2.006753861515003,4.202703239422359,-1.9431227050969846,-1.994963835157279,0.00032219947807198153,31.859048861486652,23.679272417109907,40.0571305311587,1.9533661807580174,2.5534927113702626,3213.219
B0007,210,discharge,1.7139701997004613,3.5392436935272635,2.121868132176415,4.202907102508285,-1.9430080085541772,-2.0016459444206927,0.0004335128310188525,32.16100333536097,23.840345275714288,40.240711749549135,1.9532298245614035,2.554590643274854,3203.578
B0007,214,discharge,1.7036521173638766,3.5348237062932575,2.0119648758828452,4.201457080806326,-1.9425165961920092,-1.9940444299252393,0.0008557352401421723,32.10276048728767,24.239122695185117,40.12941739090177,1.953092082111437,2.5516979472140764,3195.125
B0007,216,discharge,1.7040137474382486,3.5366477402090606,2.0744390946376323,4.204304103661928,-1.9370190075205085,-1.99394242124594,0.0009344669590898851,32.33880662180898,24.100749099673767,40.3959693732437,1.9472299120234604,2.550475073313783,3195.3129999999946
B0007,220,discharge,1.6935716157343033,3.5352062840980913,2.188793384556236,4.20220228055958,-1.9310192096578356,-1.994068391906693,0.002218898125991317,32.21373014824893,23.89454515016851,40.18751058333668,1.9411941176470584,2.5393617647058826,3186.297
B0007,224,discharge,1.6876577363877656,3.5329852237553396,2.1739523632140685,4.202001482736379,-1.9304738354803441,-1.9931157642861432,-0.0005031657572301142,32.09949526722965,23.747372758256024,40.14605167557969,1.9410206489675512,2.536268436578171,3176.438
B0007,228,discharge,1.6830744356583152,3.532158560934324,2.1783847786257136,4.202600613133091,-1.9305510314753316,-1.9932876007572093,0.0026672247503980754,32.11305439113157,23.732576134274755,40.18846095484838,1.9408455621301772,2.5339201183431954,3167.593
B0007,232,discharge,1.6779270142025482,3.5308376380023527,2.191481814157953,4.202328519159183,-1.9247195409983122,-1.9932567265208059,0.0005503459303460755,32.20371989479744,23.784085634385107,40.2789498830108,1.934930177514793,2.528144970414201,3167.719
B0007,236,discharge,1.6732060275966172,3.5296958440720005,2.1753473356526807,4.202855889678493,-1.9245739020356052,-1.9933610066273437,0.002600197507149313,32.23340825772458,23.83125634938924,40.310727434969614,1.9347370919881306,2.5279406528189914,3159.077999999994
B0007,240,discharge,1.6674367208253988,3.5281819372126093,2.1832922624558813,4.202212609390717,-1.9243785304854075,-1.9942955362628867,5.813877826634093e-05,32.212169716369466,23.780373043169558,40.31733812871393,1.9345428571428571,2.524907738095238,3148.829
B0007,244,discharge,1.6622662630667526,3.5265730179666974,2.192864020990023,4.202335745153063,-1.9184028799161776,-1.9951017113211473,-0.0006209850775538972,32.21746401954225,23.770282871894263,40.332563430145015,1.9285922619047617,2.517339285714286,3149.094
B0007,248,discharge,1.6574243065763063,3.5245022548553444,2.1560972126643922,4.201997273379946,-1.9181664471622712,-1.9939693898192545,-0.0008196546730972273,32.23410177209762,23.76194654931583,40.431258866851486,1.9283797014925375,2.514916417910448,3140.547
B0007,252,discharge,1.652538684928734,3.5228548406546385,2.138540138129487,4.201599523927098,-1.9180994998619483,-1.9959097500887342,-0.0005785652845972775,32.228343983674435,23.751263650793735,40.46247985933005,1.9281646706586826,2.5120269461077847,3131.625
B0007,256,discharge,1.6472174627573322,3.5222829121237855,2.1646493163558524,4.20196227209543,-1.9179522150901998,-1.9950531920364833,0.0007067950076479342,32.1833106060944,23.692389087728426,40.40103455658551,1.9279495495495496,2.5126516516516517,3121.907
B0007,260,discharge,1.6364136810898071,3.5189923820688493,2.1187211383693167,4.202045571197949,-1.9116539768893375,-1.993252278498655,0.002584297365125661,32.17200142078129,23.642375027314003,40.4426971996319,1.9219447447447444,2.5025555555555554,3122.125
B0007,264,discharge,1.6362554312048496,3.5177844279570794,2.1377868706438155,4.204697039833386,-1.9115865510736891,-1.9934424013813434,0.0016296703790506485,32.03316223587618,23.617774403005388,40.26214977673693,1.9219447447447444,2.4874864864864867,3121.672
B0007,266,discharge,1.641119179218384,3.5212226057273495,2.103155697792567,4.203964293328523,-1.917648718820213,-1.993721164618022,-0.0003124695442695881,32.506671891788216,24.167910537487234,40.645668361956844,1.9279489489489487,2.510990990990991,3120.86
B0007,270,discharge,1.6315700789656966,3.5172227884430147,2.186737546753024,4.201985395805308,-1.9111337702474194,-1.9950801271316676,0.0010705188392996711,31.961039485620926,23.553024490779926,39.95209030011925,1.921473111782477,2.4979365558912385,3103.828
B0007,274,discharge,1.621213282987236,3.5125010864221813,2.1007747911593695,4.20178017149305,-1.9108556098369367,-1.9937540476262585,0.0012645403116355951,31.798082670491866,23.15836420422582,40.165034583244065,1.9212351515151513,2.4944030303030305,3095.094
B0007,278,discharge,1.6164273214762122,3.5129614635074673,2.1417010068719846,4.202220537976551,-1.9049762303506044,-1.9934634318284483,0.000774643552012622,31.95802833708937,23.26175935743409,40.36674175781141,1.9151769696969696,2.486830303030303,3095.781
B0007,282,discharge,1.615823510161921,3.5125204100391962,2.0912297625621297,4.2013887453306085,-1.9051068520548522,-1.9955237523449136,0.0004752084007865389,32.41813169746276,23.705879583857502,40.88269125311642,1.9151763636363637,2.4847030303030304,3094.328
B0007,286,discharge,1.61672418029789,3.5151454557578807,2.1663009505205935,4.201620573144587,-1.9049079394753692,-1.9937747556066172,0.0014730247330521256,32.64044972789331,24.063147568932987,40.856332202254556,1.914917933130699,2.4900364741641337,3086.531
B0007,290,discharge,1.6108655863730026,3.513443179473182,2.1843637809529235,4.201668680267049,-1.898761620917719,-1.993529946094214,0.0007479343585839389,32.56399373078006,23.95500402082536,40.778024611598504,1.908841945288754,2.480863221884498,3085.625
B0007,294,discharge,1.6006603374309376,3.5097089402574535,2.113995772639173,4.202567159315787,-1.90433828068926,-1.9937950394148773,0.002791130516547081,32.28305350922276,23.712966469853818,40.5829305350897,1.9143981651376143,2.4863058103975537,3067.203
B0007,298,discharge,1.5959174487005663,3.5042771471756997,2.0287779476202195,4.201472345711643,-1.904192698545851,-1.9948137474440242,0.0015411386303345927,32.06065237439007,23.380469376342713,40.6345689985191,1.9141355828220858,2.4811717791411048,3058.157
B0007,302,discharge,1.5962179519462243,3.509207943122176,2.1948906641943635,4.201332830124454,-1.8982712229514884,-1.994905249607193,-7.384784317216585e-05,32.365261126964526,23.582488319458513,40.75070125010339,1.9080024539877298,2.475223926380368,3058.812
B0007,306,discharge,1.5958065114633972,3.5095064920492853,2.1621122251410005,4.201522880341636,-1.8977934870545983,-1.9940601969636647,0.0018530612527821342,32.68851871366292,23.982069185971252,41.0672419235651,1.9080024539877298,2.4768435582822086,3058.578
B0007,310,discharge,1.5906507821480704,3.505203266169396,2.0092802451741245,4.201386492450036,-1.9036436467205253,-1.9937194932286224,0.004041019442751478,32.747733642524246,24.051439279589804,41.40590880756584,1.9138713846153845,2.4807138461538463,3049.328
B0007,313,discharge,1.6888211161855506,3.5281182345919753,2.144268362237989,4.2333254357000865,-1.936992342648715,-1.9937139334305616,0.0010773421833417186,32.50500516961017,23.850620264439623,41.01558674901627,1.9469179941002948,2.5362300884955755,3177.219
B0007,316,discharge,1.6259938279733204,3.519590928396835,2.0962813773920193,4.203917718634026,-1.9233409193548265,-1.9940123642001173,0.00016193231789911412,32.91993878980996,24.43569034018692,41.31851435911838,1.9331495440729485,2.5165531914893613,3082.937
B0007,320,discharge,1.6157433862812898,3.5146260368096875,2.0376560852489356,4.202046403451837,-1.916884219356136,-1.9933319825535087,0.0025807635004239486,32.948305858317944,24.481210786362457,41.4002950560853,1.9268512195121952,2.504871951219512,3074.266
B0007,324,discharge,1.6056626764846538,3.5115494818370454,2.050265845971926,4.201592874087554,-1.910472150518363,-1.9934516762680057,0.00030225152811291756,32.76906651915661,24.228447169823482,41.2508092329952,1.9205125382262995,2.4941559633027524,3066.0
B0007,328,discharge,1.5949746921524348,3.510769869032659,2.1421639870693685,4.201214370586727,-1.904277326283454,-1.9942033375334116,-0.0006093698061376766,32.59734424608833,24.003142454503458,40.95362783962595,1.9141355828220858,2.484263803680982,3056.437
B0007,332,discharge,1.5904102438871945,3.50804494279531,2.093098662464846,4.201660608337926,-1.904002494100001,-1.9942540792901025,0.0005774339704760785,32.52349894408369,23.879196296054904,40.989022190981714,1.9138713846153845,2.4820215384615385,3048.219
B0007,336,discharge,1.5853517062988178,3.507748080950393,2.109503853325003,4.201750207865124,-1.9036546380501311,-1.9999801485407718,0.001450116371467092,32.578228834731775,23.935993772910926,41.02622774121347,1.913606172839506,2.48125,3039.218
B0007,340,discharge,1.5799737147242376,3.5066673521067266,2.1295447836320704,4.201226117420626,-1.8977146678452774,-1.995744295058308,0.00030953117886836455,32.62728298499839,23.980765847990668,41.01371342582121,1.9074345679012343,2.4743179012345675,3039.047
B0007,344,discharge,1.5752185465278068,3.5061843921745397,2.138556110583413,4.201796973837129,-1.8973347377958825,-1.995283636272928,0.0007088973292597752,32.652115712561326,23.999220368885872,41.04923314430273,1.907146749226006,2.474219814241486,3030.375
B0007,348,discharge,1.569798484648868,3.5051004339266254,2.1437793669909317,4.201200470517945,-1.8970045774163773,-1.9943198333456515,0.0016972268277341874,32.64767456395258,23.973654052530293,41.05277512550887,1.906860248447205,2.4726211180124222,3021.0
B0007,352,discharge,1.5702565375950357,3.5054479186890566,2.199196544880164,4.201289094579205,-1.8909127399289274,-1.9968908750212224,0.005071881446587334,32.6993879231031,24.01135599553165,41.02092182377061,1.900650310559006,2.46505900621118,3021.75
B0007,356,discharge,1.565249873909438,3.500074246846,2.0252901014990434,4.201033482375415,-1.8968789299198896,-1.9939195524210047,-9.090347803085198e-05,32.724576765133094,24.011740056772418,41.34840278359994,1.9065694704049843,2.46806230529595,3012.265
B0007,360,discharge,1.559633933561147,3.5011647157526498,2.0874226328484515,4.201482697501314,-1.8964710309338209,-1.9941986616958334,0.0010516290130581486,32.70434030242972,23.99347983811607,41.23753665797544,1.906278125,2.46861875,3002.641
B0007,364,discharge,1.5649820533392105,3.500407285435189,2.0863200514042264,4.196165946742788,-1.8967768141795405,-1.9932029763532655,0.0024946169574364503,32.74051962267582,24.069019867711653,41.21700308433066,1.9065688473520246,2.4662429906542056,3012.0
B0007,367,discharge,1.57497949984227,3.507816455272743,2.0588247910323827,4.205246397279064,-1.9031485600103595,-1.9969727693616797,0.00028709959940812835,33.38712825139849,24.773284683784794,41.89753189273277,1.9130689440993789,2.4838540372670805,3020.11
B0007,371,discharge,1.5652811168780458,3.5025243992110107,2.007722684403967,4.201509838937999,-1.9028574663381217,-2.0040394709724123,0.0011258644840676153,33.270627344923426,24.60432088403771,41.90270996402953,1.912525625,2.477915625,3002.172000000006
B0007,375,discharge,1.559755497470126,3.505155823274424,2.190682586389996,4.201909525379603,-1.8963219640753084,-2.0003771874564404,0.001227537594917131,33.115074143665915,24.423639542020226,41.48233804274523,1.9059824451410656,2.471968652037618,2992.703
B0007,379,discharge,1.549897685670499,3.4983646475135717,2.008435320437976,4.199865517000471,-1.908430732943726,-2.0052937156241972,0.0010402847333103626,32.90572814040102,24.19968791502018,41.641162265997195,1.9177443037974684,2.4804430379746836,2964.468
B0007,383,discharge,1.5438771531345021,3.500140843862167,2.1646360641399958,4.2008597336564515,-1.889754408573026,-1.9945472659822978,0.00034126514562278867,32.953112654161664,24.11639369687997,41.433877603827945,1.8994006289308174,2.457301886792453,2983.375
B0007,387,discharge,1.5450187488690073,3.49909547013937,2.0647427536919833,4.20162098338246,-1.8959167588975119,-1.9938553434941435,-0.000648355297209732,33.2282109237263,24.459092848668906,41.8543569979417,1.9053905362776025,2.463328075709779,2975.297
B0007,391,discharge,1.5445940154102908,3.5010357611640615,2.170172617792397,4.201149059944848,-1.889387844169526,-1.9945388143156637,0.002722359158197647,33.361342590516294,24.609806274773607,41.78271326384125,1.8990839116719238,2.4594227129337543,2974.9850000000006
B0007,395,discharge,1.5343086721758876,3.497212315865497,2.120750718982474,4.200810741834928,-1.8889185963670394,-2.0003871362753527,0.0017320639758289188,33.12431679486816,24.334930769941984,41.62744766181303,1.8987645569620248,2.45646835443038,2966.25
B0007,399,discharge,1.5287603942958483,3.496089957852059,2.13627215665258,4.200373974181371,-1.8885071150010755,-1.996471333028226,0.0004949274212671783,32.991553593266204,24.140776797393674,41.552128441464966,1.8984425396825395,2.4524095238095236,2956.359
B0007,403,discharge,1.5289260249179843,3.495877119417779,2.0938572364769055,4.201791474587699,-1.8888180820733198,-1.9936433250812406,0.0010239776284218605,33.2318318845246,24.391660570898495,41.839167194182565,1.8984419047619046,2.4517460317460316,2956.344
B0007,407,discharge,1.529091650133123,3.493116071455022,1.9959465760122976,4.20067023466464,-1.8887930414931369,-1.9952567240378403,0.0018837863099458731,33.5098123920945,24.672067025619615,42.23998716092915,1.8984431746031742,2.450768253968254,2956.406
B0007,411,discharge,1.5239059324661248,3.492655946458748,2.0305769860653866,4.20021831736756,-1.888168080257056,-2.001090966399853,-0.00013231082391631182,33.382402850667845,24.56852628281145,42.040902384977116,1.8981191082802544,2.450671974522293,2947.266
B0007,415,discharge,1.5186675419100615,3.49208824531703,2.0758803797636745,4.200674971032527,-1.887904907597145,-1.9951199234830206,0.0011947086906479835,33.17829959346276,24.34305560390618,41.803429062834496,1.897793610223642,2.449402555910543,2937.984
B0007,419,discharge,1.5136482266426952,3.490216477408044,2.0793549048242492,4.200371214024706,-1.8877303662432205,-1.995116853206629,0.001065313064968555,33.01591345323486,24.0993140682898,41.6886924602386,1.8974666666666666,2.445839743589744,2929.125
B0007,423,discharge,1.5136050185229033,3.4905931958620466,2.0585109366080414,4.200965645223048,-1.8878077163294114,-1.9949523118907793,0.0004787085189064806,33.271000362987586,24.36377918362768,41.988171601182124,1.8974660256410254,2.4427371794871795,2928.454
B0007,427,discharge,1.5139470614867965,3.4911419366203664,2.0253107306977376,4.201492773602507,-1.887674933393443,-1.994323430810411,0.0014011551714919052,33.61966967517867,24.74466282559706,42.33252236723314,1.8974660256410254,2.4468301282051286,2929.375
B0007,431,discharge,1.5339599193158786,3.49283645226053,2.0069579017420067,4.192768207316796,-1.901022727285377,-1.9935581248677674,0.0001912373509952447,33.29697162630193,24.95875411585554,41.63553796804361,1.9108541401273884,2.4654968152866243,2946.031
B0007,433,discharge,1.5391372798653098,3.5025157522808223,2.19792648712031,4.204602036514753,-1.8951144121477894,-2.002748484975491,0.003005896380260811,33.393130865360554,24.95211336056763,41.470498076928735,1.9047904761904761,2.4678031746031746,2955.438
B0007,437,discharge,1.5236247972838737,3.492953565598811,2.0299415196572554,4.200995491738166,-1.8941478117057606,-1.9944619397860412,0.001322240211430216,33.13820710362847,24.59206034022774,41.54038193238441,1.9041814696485622,2.4597571884984024,2937.625
B0007,441,discharge,1.5135813035589147,3.4917462636517236,2.1171503915767786,4.201036137691208,-1.8875042014728922,-1.993640903324712,0.001962038617783373,32.84069778843796,24.21295183077047,41.13947017697289,1.8974653846153846,2.4496891025641028,2929.078
B0007,445,discharge,1.5077850749847914,3.490432264232956,2.1309899052747716,4.200762329918291,-1.8871434043422721,-1.994011319738722,0.0007664599576748683,32.75739655594484,24.083470327760516,41.09041922644824,1.897136977491961,2.447186495176849,2918.375
B0007,449,discharge,1.5031960676037333,3.488861416967918,2.1294318317485654,4.201013677167557,-1.8807630082774924,-1.9944414808648834,0.0012256774265900067,32.77234087259374,24.06336388722212,41.10034021580957,1.890707395498392,2.4380707395498393,2919.812
B0007,453,discharge,1.4978220596995881,3.4891932104785104,2.164511453629433,4.200439147859412,-1.886419275237733,-1.9927344450972762,0.002815913681284574,32.720417557744895,24.014672446811392,41.03075447325996,1.896470550161812,2.4449093851132684,2900.422
B0007,457,discharge,1.492848534633516,3.4878785713375917,2.1743012710834013,4.200264786461796,-1.8800039366336023,-1.9942563048805741,0.0022981628295229055,32.710022803073514,23.987947203431663,40.99688397371006,1.8899993527508088,2.4362588996763757,2901.375
B0007,461,discharge,1.492414389867026,3.486430546073901,2.1928976284966537,4.200151660684939,-1.8733366537372407,-1.9933001058929758,0.0016961980319279539,32.62076759783716,23.86413247301575,40.88481342461614,1.8835300970873787,2.426873786407767,2901.187
B0007,465,discharge,1.487482776538081,3.4812572775226682,2.0298495899147295,4.200453152662228,-1.879702248133121,-1.994355063355133,0.00036095829228417655,32.57651826255201,23.796556329674626,41.09400879501426,1.8896428571428572,2.4304415584415584,2891.64
B0007,469,discharge,1.482535148640411,3.4823550791204023,2.0959492247836815,4.200291122451955,-1.8790751470067306,-1.9927610429233324,0.00019610973754523192,32.58396494906228,23.788802856443375,41.01377835587309,1.8892820846905536,2.430182410423453,2882.906
B0007,473,discharge,1.4827874322228984,3.4835074286280525,2.177723491219515,4.199877643371451,-1.8728728303565048,-1.9944391195904978,0.001518080994059945,32.623742674615976,23.82871891762843,40.90635248178393,1.882771335504886,2.4234201954397396,2883.265
B0007,477,discharge,1.476971179775059,3.478976541530706,2.056251340337525,4.200436806124781,-1.8726786421400121,-1.994379463643991,0.0005279711713773091,32.58599202496769,23.743478109305848,41.06596192416311,1.8827706840390879,2.4195342019543973,2882.969
B0007,481,discharge,1.4819015554137276,3.483501191305966,2.1512510632923165,4.193077426787744,-1.872734820116884,-1.992644974954703,0.002404244703822979,32.864544723781215,24.457169523678328,40.84520330629611,1.8831512987012986,2.4220162337662337,2891.656
B0007,483,discharge,1.4981366198874824,3.4899701994096612,2.1693699073642034,4.203372086437543,-1.8800362373714223,-1.9933389783603288,0.0008283088613030969,33.079651096902374,24.575871874910508,41.12807910254104,1.89,2.439391585760518,2901.25
B0007,485,discharge,1.4820775214392872,3.484801138956006,2.116759239247948,4.202065190134895,-1.8730214281226414,-1.9933817364068822,0.0030675311032014436,32.932141650182686,24.328512035193278,41.094988453128494,1.8831512987012986,2.4259870129870134,2891.703
B0007,489,discharge,1.4771155312812152,3.47835437960934,2.009424225590032,4.200086642861885,-1.8725486136074456,-1.9932411647857315,0.0030467354150696246,32.755748003791545,24.080433038145774,41.11877573165318,1.8827693811074917,2.4202671009771985,2883.016
B0007,493,discharge,1.4720772783056488,3.475694933923807,2.0034792344341588,4.199758658258613,-1.8724613181992062,-1.995591810750265,0.002195963691779368,32.52965474617847,23.77234297368613,40.980034990626955,1.8823869281045749,2.415506535947712,2873.453
B0007,497,discharge,1.472248013656454,3.481431873453954,2.172988732474185,4.199843161074874,-1.8659419458758726,-1.9935321227601952,0.0019190547671286233,32.848065199041,24.130003633195166,41.017509953482886,1.8758522875816994,2.4113202614379086,2874.031
B0007,501,discharge,1.4670106672274665,3.4796060336232353,2.087464676179042,4.200352076636086,-1.865786095147701,-1.9930538887372675,0.0021311239778481466,33.072327061961936,24.398489581288885,41.299420742573055,1.8758535947712416,2.4112745098039214,2874.234
B0007,505,discharge,1.4617672495335379,3.4782258967329596,2.110564313669325,4.200169604165679,-1.8654605849037513,-1.996737767854495,0.0025488236883237985,32.85096451719535,24.15787591865575,41.105738037939375,1.875446557377049,2.410508196721312,2864.984
B0007,509,discharge,1.4566952670489708,3.4743233868367187,2.0724687293779813,4.199911577879335,-1.865134613881632,-1.9940890874950365,0.0015365248744252662,32.572302329954546,23.833084099928946,40.87704013237699,1.8750368421052628,2.4068947368421054,2855.093
B0007,513,discharge,1.451354972758956,3.4737305453330443,2.1253826973270513,4.199564012073342,-1.858515986418667,-1.9932272893446619,0.001152214891556579,32.450684441760906,23.613836363374315,40.730219862268235,1.8684598684210527,2.396355263157895,2855.625
B0007,517,discharge,1.451615926257375,3.47481272321405,2.1147331324879475,4.199951033620322,-1.8588972649148483,-1.9966895581151058,0.003091812567802781,32.7394359440147,23.88537512458738,41.03226257370644,1.8684598684210527,2.395592105263158,2855.594
B0007,521,discharge,1.4468161332173683,3.476096426841386,2.1738445330859366,4.19995987158867,-1.8581969672334215,-1.9930274022141452,0.002962840512688362,32.775898242252914,24.02342893757079,40.89527781087817,1.868025742574257,2.3981551155115515,2847.437
B0007,525,discharge,1.4467570607768785,3.4686822529487804,1.9947266977360072,4.200414702164272,-1.8581200056254086,-1.9935942445664658,0.0006568763083351514,32.5817324044051,23.75894434400727,41.02491521192672,1.868025742574257,2.39276897689769,2847.36
B0007,529,discharge,1.4413797481446793,3.4661964701943586,2.0033802121225017,4.199552965128597,-1.8577209868352302,-1.9943703142615519,0.0026276137551773395,32.35021153014993,23.458006651239486,40.815968345794715,1.867588741721854,2.389692052980133,2837.328
B0007,533,discharge,1.4362456252208178,3.468183423895935,2.116470909151213,4.199706970400125,-1.8512458354075154,-1.9938361784378094,0.002131550219558885,32.28754240914786,23.312450683066256,40.65138669632271,1.8609675496688738,2.3807483443708612,2837.281
B0007,537,discharge,1.4368154153924828,3.4678606629897453,2.051877342511651,4.199300346769649,-1.8514531972432,-1.9942060517882434,0.0003083819002708808,32.603239183227075,23.67192071435474,40.965385542419945,1.860968874172185,2.380629139072848,2838.515
B0007,541,discharge,1.4362945145860047,3.4662499547181245,2.003221375307111,4.200086391757318,-1.8574211435317929,-1.993515247147098,0.0028170347777114165,32.61208344144242,23.703251528067923,41.11319128215138,1.867148837209302,2.3878870431893686,2828.328
B0007,545,discharge,1.4418575315878015,3.462469269360201,1.9865974995249178,4.189989265375979,-1.857823928669184,-1.99378580594933,0.0021921104214289405,32.26742656599958,23.32719332912165,40.78738321989129,1.867588741721854,2.3823311258278146,2838.265
B0007,548,discharge,1.4672063484781797,3.480518309485383,2.1908121182442706,4.202670619155847,-1.8658259561850365,-1.9962132509416517,0.0023628760398125477,32.637733704417855,23.97791363088396,40.73001188190229,1.8754472131147537,2.4111081967213113,2864.547
B0007,552,discharge,1.4518640367848885,3.4723137993738336,2.033261415031626,4.199186500777735,-1.8647784241320742,-1.993458887321793,0.0012510749735953092,32.665258715232376,23.91927093515108,40.990354594470126,1.8746237623762376,2.4019966996699673,2846.39
B0007,556,discharge,1.4471379752748499,3.474362108592906,2.19135439601875,4.199638763972608,-1.8578958465335809,-1.9936626344417874,0.0026139024713906912,32.502652632323915,23.750323116940578,40.62521315513875,1.8675880794701984,2.394135761589404,2837.969
B0007,560,discharge,1.441790586562399,3.4722823212388754,2.1840705012733683,4.200028390360542,-1.8511947629213035,-1.9935668796843673,0.0027107013781295553,32.446842086875606,23.628172831563695,40.58944296824891,1.8609682119205293,2.383761589403974,2838.156
B0007,564,discharge,1.431630947911111,3.4701761898320465,2.1664368343684446,4.199347098159206,-1.8509042611451945,-1.9934697961407999,0.0007252787010097335,32.39361892904713,23.53981212995311,40.584393586876246,1.8605063122923582,2.3803056478405313,2829.843
B0007,568,discharge,1.4318084249673686,3.4635011119445216,1.987193667465448,4.199148920577739,-1.850858274670624,-1.9934414275491175,-0.00017952143405607933,32.417221778010834,23.49802323358846,40.884444140401214,1.8605069767441862,2.375036544850498,2829.625
B0007,572,discharge,1.4262562585106868,3.467453100453348,2.1314172797434523,4.199648027535327,-1.8504182940365097,-1.9940355259074865,0.0012810100184850572,32.40094040453025,23.52742809133315,40.65159637790841,1.8600413333333332,2.3778833333333336,2819.437
B0007,576,discharge,1.4260877528924913,3.4675864728547845,2.188995882590831,4.1991931757384515,-1.8436892876926974,-1.9937717858912956,0.000535666450658973,32.36314241861482,23.458033825865048,40.53138082339522,1.853376,2.3693,2819.579
B0007,580,discharge,1.4212633510031694,3.462182535852444,2.0322464946417114,4.199053572226856,-1.8498733070449755,-1.9938797141417293,0.0026041426376996195,32.382600705235255,23.438813900162128,40.821433488540606,1.8595739130434783,2.3717558528428095,2810.672
B0007,584,discharge,1.4163272748795108,3.465962999117946,2.1695130053947387,4.199879744716988,-1.8432877207292044,-1.9940053249383378,0.0009364024885806814,32.4323818014572,23.504429518319206,40.643362943412974,1.852885618729097,2.3662809364548494,2811.485
B0007,588,discharge,1.4165781829175994,3.4601727514874407,1.9917978280585305,4.1986801794397035,-1.8494580225090995,-1.9936134940183787,0.0012154494508675095,32.48861829940489,23.538505739106153,40.97063567014205,1.859102013422819,2.36960067114094,2802.422
B0007,592,discharge,1.4108401729425177,3.464226115253961,2.1534486462617073,4.199235005181635,-1.8426221358637018,-1.9932783787552537,0.0024889122249394918,32.524062377970175,23.59680665310433,40.74888323397497,1.852392617449664,2.364956375838926,2801.625
B0007,596,discharge,1.4109949628347804,3.458799193390812,2.0101572712330453,4.198950996279868,-1.8427098003104345,-1.9936687629475545,0.0026875024090308453,32.482615965621896,23.507102422227057,40.93461596721165,1.852392617449664,2.3605906040268456,2802.031
B0007,600,discharge,1.4061714290398801,3.4620805499710854,2.132718741006573,4.199393701075195,-1.842239518040086,-1.9932378340066106,0.0009947078732730503,32.46389583182878,23.49103023425758,40.74175890345818,1.8518956228956227,2.3611683501683505,2793.39
B0007,604,discharge,1.4063358479692922,3.4578782949034514,2.0114763339798887,4.198994975977764,-1.842252843487983,-1.9929534332525367,0.0027780084228780505,32.55681404542561,23.555518771498985,41.00964443691023,1.8518936026936026,2.357814814814815,2793.39
B0007,608,discharge,1.4004552399066514,3.461590937144894,2.1610456063312298,4.198421699164089,-1.8356063485512333,-1.9975549047179482,0.0017032344350931606,32.576296430484255,23.595817643467868,40.80558697887537,1.8451636363636363,2.3525319865319867,2792.485
B0007,612,discharge,1.4217865046055154,3.462906230864041,2.0143553387267827,4.188887274283021,-1.8561013515700384,-1.9933150584565904,0.0005141412894631021,32.81804879809979,24.482611948371623,40.92586026351328,1.8658107382550333,2.3804194630872484,2802.016
B0007,614,discharge,1.4324552720625434,3.4753580425264796,2.1732119934933296,4.2050716026539625,-1.8574370794605966,-2.0060375207298797,0.001683361634121328,32.92941193334214,24.737923198971707,40.57390100608222,1.866706,2.3909033333333336,2820.39
B0018,3,discharge,1.8550045207910817,3.5275462263272543,2.4721608434600437,4.188195942647034,-1.9541761960216968,-2.012995081928318,0.001459080605681204,31.773285281389256,23.8195202516044,38.10180309676608,1.9443513661202183,2.5676885245901637,3434.891
B0018,7,discharge,1.8431955317089987,3.534835576186522,2.4114381994148304,4.186703558364525,-1.9474374301153292,-2.012643873951446,0.0031077708566253433,31.924891594728642,24.314787074430125,38.14987995994155,1.9380259668508284,2.574022099447514,3425.485
B0018,11,discharge,1.8396018424355423,3.538246596159443,2.394395968141027,4.188811210133346,-1.9520511323479741,-2.0118244627327857,0.0021731033544040283,31.31691283374216,23.74169210144422,37.5266914843442,1.942836312849162,2.5820670391061453,3410.375
B0018,15,discharge,1.8306736044962053,3.537697945111872,2.3999481734774424,4.188875360300162,-1.9460914562122762,-2.0135271229076634,0.0019898436251189404,30.821190751176527,23.227856809949373,37.06279237079503,1.9368157746478871,2.5713042253521126,3404.719
B0018,18,discharge,1.8327002069419656,3.542667604586918,2.3851461229395867,4.189908817357781,-1.9412796601390512,-2.014479287336525,0.001791496299138119,31.95346971511436,24.414641711593454,38.2110354381278,1.9312022598870056,2.5684887005649712,3417.641
B0018,20,discharge,1.8285288846046388,3.5451037330477333,2.3716770708389117,4.190509582057232,-1.9400338819083036,-2.01246830059768,0.002663054224170818,32.02311236185272,24.695286535085184,38.17496505957075,1.9304615384615378,2.572752136752137,3411.766
B0018,22,discharge,1.8212011895697924,3.5475142438631493,2.4964491577040793,4.1903241054041,-1.9335667184847714,-2.0129654127777004,0.0024302706501015303,31.634533158077694,24.31366014142129,37.64038685475582,1.9240701149425286,2.567810344827586,3399.516
B0018,24,discharge,1.8151700106433282,3.544812433691423,2.4374506721131883,4.190302498850287,-1.9332161326561408,-2.0253396376938984,0.007315177847634387,31.288194921595714,23.917267950078497,37.37602884738843,1.9234573913043476,2.563631884057971,3388.75
B0018,27,discharge,1.8042980520967649,3.5434780274164095,2.4152206992194847,4.188517549229078,-1.9325959489970461,-2.0164107237206794,0.0013308719123062843,31.11122470608501,23.654641102277676,37.28928029078695,1.9228538011695904,2.558219298245614,3380.406
B0018,30,discharge,1.8231002302844226,3.543133206790044,2.377432309524995,4.191794143442699,-1.9387520938161948,-2.0137948590788683,0.0019160597964111145,31.13166983979621,23.598003231352457,37.52377766578506,1.928967930029154,2.5672915451895046,3404.141
B0018,32,discharge,1.8121253520255494,3.545155146280937,2.3887487262583647,4.190699409462101,-1.9319248326301843,-2.0130992718348324,0.0028767662739353694,31.51305775907457,24.126322531318674,37.72420412562674,1.922387058823529,2.5625999999999998,3396.141
B0018,34,discharge,1.8046916382117766,3.545032366549762,2.432289857016922,4.1902633112754275,-1.9249594896453863,-2.012646457499825,0.002628201879030579,31.31102568785445,24.009919830527505,37.41366095304306,1.9156249258160234,2.556700296735905,3384.094
B0018,36,discharge,1.790844349786295,3.5440892170496827,2.497495633221204,4.18970538556629,-1.9179528942264992,-2.011939908405691,0.003204989680715983,30.893964711700164,23.551364638150325,36.94724908852665,1.908868862275449,2.5484910179640714,3370.656
B0018,39,discharge,1.783470722841926,3.541317108618481,2.478768686108376,4.188354430914051,-1.917373033348097,-2.013704827395307,0.0038464738146169104,30.540598970902945,23.09050168217513,36.707091312059944,1.9081456193353472,2.540510574018127,3357.797
B0018,42,discharge,1.7809386125310702,3.541197979542517,2.3858494078680206,4.193543208571066,-1.9180652422275581,-2.0130040542547274,0.001982013280312633,30.82566018736547,23.303464882146475,37.13061214416645,1.908073333333333,2.540351515151515,3363.015
B0018,44,discharge,1.771209039672698,3.541255460524434,2.372854084449551,4.190238041929225,-1.9106033469326071,-2.0147841532663255,0.0020341106534608818,31.451400678644536,24.000119916961825,37.686600065941576,1.901058103975535,2.532669724770642,3357.734
B0018,46,discharge,1.7686303996707076,3.5427478949705886,2.4086912736769084,4.19075698083662,-1.909404549449075,-2.0129355983090056,0.0030576354902658847,31.518847747922937,24.22294874000798,37.633580732302406,1.9002553846153845,2.5351661538461543,3344.187
B0018,48,discharge,1.7536304801917124,3.541251093602656,2.496331992137246,4.189715378549557,-1.8960567702455413,-2.0117266911103093,0.005725980789228198,31.11237289077096,23.79566158754756,37.15252578645951,1.8872445820433439,2.518058823529412,3339.969
B0018,51,discharge,1.7462197416415093,3.5350260562177453,2.4199896352919668,4.187635645163932,-1.8948411660605735,-2.012077515518729,0.003541070186068654,30.586452588663985,23.127324953354822,36.78829001793698,1.8861693750000001,2.509953125,3327.641
B0018,54,discharge,1.7376647337053737,3.5326627624319777,2.3587321881999297,4.191004692440202,-1.90021436299665,-2.011349710066744,0.0036253848491611656,30.242913021104116,22.780967262070938,36.541146197392216,1.891400630914826,2.51618927444795,3312.844
B0018,56,discharge,1.7315166735475835,3.5333109441755526,2.4458096660548825,4.1906972904216495,-1.8936767267608487,-2.0122749284189503,0.0031433432763886223,30.10270376338569,22.578707611599036,36.372087786130464,1.88444253968254,2.5047142857142863,3302.031
B0018,58,discharge,1.7085949894470602,3.52738705832889,2.3808537751929744,4.185877977731026,-1.8739718829459886,-2.012448687975656,0.002668820853540544,30.251184852221932,22.714077867822585,36.52608510498833,1.8649783439490446,2.475640127388535,3305.547
B0018,60,discharge,1.711469957068211,3.5296025965720452,2.436955746154759,4.188109147549676,-1.8791764961687347,-2.012334644346066,0.0029159205825874746,30.212407704391104,22.65890518865621,36.476252762052624,1.8701054662379417,2.48348231511254,3289.562
B0018,63,discharge,1.7075021373272627,3.5289707694229833,2.4671365731790713,4.188302415854336,-1.8780560689384003,-2.0122688936966697,0.0037528750707342844,30.125011009636175,22.508167425430855,36.377208902376694,1.8692634304207119,2.4785307443365694,3283.797
B0018,66,discharge,1.7492382064360228,3.5322741848919814,2.4129371999368505,4.18962510592865,-1.8993718818269214,-2.0125131739991478,0.0019453368756264665,30.22428629982563,22.614491386507936,36.64000948247426,1.8899275641025635,2.5105320512820515,3325.235
B0018,68,discharge,1.7327697147429955,3.532438322521663,2.3497771039810256,4.190150750158746,-1.8926958551018211,-2.0129844574191207,0.0029083838216241334,30.976376254737342,23.427272668893146,37.38165499248184,1.8828103225806445,2.502193548387097,3317.547
B0018,70,discharge,1.7222313328292376,3.5363211310943603,2.4904700018477026,4.189151018945234,-1.8783667048362822,-2.013596799411644,0.0037961984514900287,31.41570291330098,23.95851287847354,37.59824760372582,1.8690272727272723,2.48763961038961,3311.766
B0018,72,discharge,1.711846298984729,3.533535274219931,2.4650908929255406,4.189631312089484,-1.870834339681941,-2.0157162812456435,0.0037891536387384367,31.383299841535273,23.961434154126863,37.560555155163414,1.8615614379084966,2.4779281045751635,3305.218
B0018,75,discharge,1.699267835126687,3.527012841842043,2.363133281953362,4.187690359657657,-1.8696567234639716,-2.0125462740568847,0.0035498928055129487,31.167937826253635,23.619671716582488,37.52114200586718,1.8606164473684212,2.470144736842105,3295.453
B0018,78,discharge,1.6940366439243106,3.52925730014011,2.4790616361836206,4.190215357888677,-1.8623726014599724,-2.012800439982786,0.0016492704051233778,30.994690437264207,23.47871848419422,37.21887096740918,1.853080132450331,2.4637582781456957,3287.0
B0018,80,discharge,1.6819027078768087,3.527821497534469,2.491905723274248,4.189776104976122,-1.8547843408980225,-2.0132684044986244,0.002190147303883702,31.055317978554886,23.470322857025764,37.33441415744885,1.8455739999999998,2.451346666666667,3276.922
B0018,82,discharge,1.6769770618433686,3.525692957415014,2.4337177596826547,4.189846430994002,-1.8538766950740675,-2.013231862286827,0.002422460444844895,31.373945543706103,23.769516048374253,37.7331798444306,1.8445805369127515,2.447838926174496,3268.687
B0018,84,discharge,1.6655229306478936,3.5243962482347273,2.4424506461535755,4.188109551881256,-1.845735037450336,-2.0132145295965795,0.002215230640040344,31.56128410753226,24.001463155521233,37.84649344841882,1.8367094594594593,2.436908783783784,3260.594
B0018,87,discharge,1.6571924575832084,3.520797576383474,2.4383419399858552,4.186368648390758,-1.8382538558498933,-2.0141222933728917,0.003993572160097532,31.318474723902874,23.697189900442215,37.670164941661795,1.829296271186441,2.4220881355932202,3258.812
B0018,90,discharge,1.6482241555294048,3.519457281260753,2.4157245398944123,4.1901657245031085,-1.8435676915974055,-2.0127023314619743,0.00307811413825585,31.104012325043946,23.490432582557037,37.53185198546868,1.8343876712328768,2.431705479452055,3243.422
B0018,92,discharge,1.6387701497987262,3.513165600287965,2.323395712524894,4.189966178473989,-1.83704467002657,-2.0131406541163614,0.0023451184424322356,30.989730398009076,23.31675245518661,37.593333753421376,1.8279665480427045,2.417832740213523,3236.515
B0018,94,discharge,1.6276486907262062,3.517217159454334,2.4985039496028567,4.188259618341401,-1.8211904293154166,-2.0140330003394356,0.004150949798063808,30.967851972472324,23.252438684811104,37.361410110678264,1.812067820069204,2.3934256055363323,3230.734
B0018,96,discharge,1.62215370227252,3.5120091114107965,2.350237238739749,4.1897400575765795,-1.8270453339799269,-2.012673084048405,0.003092327602219437,31.285342046153826,23.493229087742925,37.899803246715464,1.8177714285714284,2.3996132404181187,3222.093
B0018,99,discharge,1.6140066510467586,3.50911052654104,2.3337740352348813,4.1862359225351335,-1.819052179250902,-2.012635202899368,0.006196969805765551,31.41096207271253,23.64731684697707,38.03149707759718,1.8099804195804197,2.3858146853146858,3220.344
B0018,102,discharge,1.6760516154424623,3.516106699716392,2.317647291087635,4.189625262426538,-1.8693745969498121,-2.01318368468478,0.002701103444968023,30.755137125871208,23.01653902765608,37.42220155418978,1.860028472222222,2.46078125,3250.75
B0018,104,discharge,1.649300642552199,3.519010068254593,2.492394514304757,4.186586244011676,-1.839770443871628,-2.0121931540017886,0.0036285932240811758,30.977446633931525,23.382703180887166,37.32511174435206,1.8309419580419586,2.4224440559440557,3239.344
B0018,106,discharge,1.63238299185809,3.5124212742229295,2.372828310153791,4.189366482043888,-1.837963396328485,-2.012774153678253,0.007641409109865343,30.800512192698992,23.141477779700992,37.31088262198154,1.8291441696113073,2.4184169611307422,3222.25
B0018,108,discharge,1.6164159719025777,3.50815215295169,2.3560703177076867,4.188553804618968,-1.8296109578903785,-2.012946778665685,0.007676009080476515,30.616192795676138,22.876954081867613,37.232346556887364,1.8208199288256228,2.4027046263345198,3206.157
B0018,111,discharge,1.6109028378249377,3.508648568515266,2.4644431530094417,4.188764708195774,-1.8210831511954937,-2.0135827897679706,0.0028721856858407295,30.399839302766903,22.56634750757244,36.94850857727268,1.8123935483870968,2.384924731182796,3197.969
B0018,114,discharge,1.5954638693695657,3.5051993439595477,2.4195167274486726,4.188636968174337,-1.8199201144788144,-2.013020303951627,0.0029491869283430608,30.38386825126278,22.549823121887282,37.002663545357386,1.8110570397111914,2.384595667870036,3181.625
B0018,117,discharge,1.726707440085764,3.523165280193865,2.3422406504312434,4.188466199744378,-1.8951156248467713,-2.023314533825632,0.0073633480208382,30.576239500422748,23.125008977470344,36.71025442949399,1.885913621262458,2.502069767441861,3302.36
B0018,119,discharge,1.7165673917429753,3.527269876472835,2.3755467142668496,4.189570916346704,-1.8867694858233446,-2.012680983917414,0.0032934948283157364,30.705906284556665,23.408964388688208,36.72807623650589,1.8779865771812077,2.492510067114094,3285.812
B0018,121,discharge,1.6958235570934848,3.526762654741574,2.4146291375325917,4.189584987657955,-1.8786631828974334,-2.0115911942512583,0.004286680782742665,30.62583594950684,23.270929426489833,36.72959308355185,1.8699830508474575,2.4844983050847453,3260.016
B0018,123,discharge,1.6777783190792557,3.523020179476104,2.3844645496129964,4.189371286385834,-1.8704748023295987,-2.01260531537844,0.004183898934495341,30.597357068657974,23.203934391629982,36.787462351640364,1.8617883561643835,2.4680890410958907,3240.031
B0018,125,discharge,1.6606586897774192,3.519792345798265,2.398646371281655,4.187606340824144,-1.8562833971202242,-2.0134407767806635,0.0023580257907636596,30.528493896066262,23.12071549691479,36.75689163314213,1.8472606896551724,2.439379310344828,3232.265
B0018,128,discharge,1.6664109274827466,3.5251014582287223,2.4557130111721626,4.188829347125095,-1.8625354754370638,-2.0130995106645164,0.0026733379256400546,31.203754246103966,23.773481587876258,37.350157630970955,1.8535716262975777,2.4549584775086504,3232.031
B0018,130,discharge,1.6468336174407805,3.518519199837846,2.323665882820083,4.189202115880737,-1.8606833274060013,-2.0125662318740924,0.003914352341410376,31.172639449335037,23.734039908264887,37.48126030855565,1.8519230769230772,2.4480489510489507,3209.5149999999994
B0018,132,discharge,1.6257639928779952,3.5190801794284594,2.488054079510012,4.186778882107656,-1.8383636766891702,-2.026718552407948,0.010979300984551101,30.96825922704022,23.549534792728995,37.125443897626305,1.829798591549296,2.422338028169014,3196.125
B0018,134,discharge,1.6121577411874595,3.5114167272902406,2.3306937114568003,4.187888599491238,-1.8436958588115397,-2.013261835361458,0.014305956605835403,30.821704306343133,23.30725669183149,37.19112571388883,1.8351195729537366,2.4248007117437718,3172.562
B0018,136,discharge,1.6057366823755344,3.5108038681605738,2.389399831578687,4.18915752014188,-1.8362729789790888,-2.0186878439171223,0.0025621455991493543,30.765219721637393,23.143976887539054,37.17642722353301,1.8274271428571427,2.408760714285714,3172.735
B0018,141,discharge,1.673645314879889,3.51432611790755,2.4864200723178747,4.191289655270872,-1.864690278795044,-2.012371641203182,0.004131966284108246,30.809988428281613,23.07707229087829,37.11936678632194,1.8555584229390676,2.453232974910394,3238.109
B0018,143,discharge,1.6404348572349936,3.5196664048265607,2.4673631110639858,4.190628233635541,-1.8572649157581866,-2.013097827670719,0.002969131609571257,31.039033590700278,23.56722203053731,37.2702464066457,1.8483146953405019,2.4489032258064514,3191.063
B0018,145,discharge,1.6132653317422077,3.512403849382274,2.375173080957567,4.189158279329032,-1.8483454421357695,-2.0125787987088013,0.00394248906687806,31.04176453157222,23.533363397677242,37.39550861947664,1.8393898550724639,2.4323369565217394,3165.828
B0018,147,discharge,1.5920964324686278,3.5077862234460104,2.371626022111289,4.185868202467219,-1.839168422289249,-2.015019692764474,0.0034682912763662715,30.959784195511766,23.381334724831305,37.378956702246384,1.8302923076923077,2.412333333333333,3140.407
B0018,150,discharge,1.5866011820698824,3.5076596102713244,2.463955873060647,4.186906972044146,-1.8303326102702338,-2.020734675534358,0.004803683972892686,30.843513277103145,23.16774870033671,37.245718322158105,1.8216819188191882,2.398937269372694,3131.922
B0018,153,discharge,1.5800766490336253,3.5074833565874615,2.475545296633258,4.189576283423886,-1.829290599843924,-2.012930230685489,0.0015615748555885284,30.797157400797865,23.120310509686572,37.21755583353321,1.820474349442379,2.39917843866171,3121.109
B0018,155,discharge,1.5641732953289167,3.5023865933440717,2.3791563087604626,4.189808713646982,-1.8278449003095165,-2.0135210876274656,0.0030432402930327023,30.984434580754094,23.27342231930282,37.56150979821064,1.8191123595505616,2.3946779026217224,3105.265
B0018,157,discharge,1.555618272193922,3.503693493885047,2.4776158338943337,4.188889298039903,-1.8188198987741453,-2.013049747683001,0.0038725843255058953,30.967899275139946,23.278670276560845,37.4174791317661,1.810126037735849,2.3815018867924524,3091.25
B0018,159,discharge,1.5402045278637397,3.4989948462048113,2.4205549690097223,4.188220838257245,-1.817194042260449,-2.01215000710487,0.0037249670985359342,30.976616345195186,23.22385871065304,37.55101533655474,1.808690494296578,2.3755247148288974,3076.703
B0018,162,discharge,1.5321613015959863,3.495405576723954,2.415388497112405,4.186454063976498,-1.8157980815469454,-2.0124985987201267,0.0037645779343444034,30.89768961926806,23.027207477057086,37.59895044072871,1.8072268199233716,2.3658122605363987,3062.328
B0018,165,discharge,1.5316232403693415,3.494528300232307,2.3974205597873093,4.1895672733133145,-1.822108117298183,-2.013303363874512,0.0032327560058023484,30.81568822237933,23.026059458250696,37.489239782169804,1.8134602316602315,2.378710424710425,3050.563
B0018,167,discharge,1.5222595950771978,3.4962554827793926,2.497752653580319,4.1892977641056035,-1.8129628028687814,-2.0127782408337165,0.0041669753720565235,30.726188079151118,22.903021044448273,37.37911114363861,1.8042622568093385,2.366105058365759,3034.672
B0018,169,discharge,1.5065267126851283,3.48769646191346,2.3726090777895896,4.186793087812023,-1.8044876731207795,-2.011894643612056,0.004069757272822615,30.76818712651005,22.833484092130533,37.559604168615785,1.7956921874999998,2.345828125,3031.25
B0018,171,discharge,1.5014219556532926,3.486547580844067,2.36844257542991,4.188594535127793,-1.809986175960184,-2.0125266173463885,0.0038292070941918738,30.775415173787835,22.85810521586403,37.61805450748922,1.8011913043478263,2.353517786561265,3011.343
B0018,174,discharge,1.4963534117486457,3.482298183882304,2.331968556073514,4.186295492358637,-1.8090400456598725,-2.0121939690963395,0.0033564516364867365,30.761821976538275,22.739418289546798,37.71101994346608,1.8004,2.3438452380952386,3003.0
B0018,177,discharge,1.5334262000312422,3.491819481711868,2.4057755306304176,4.187384370589753,-1.8273691233501441,-2.0205100517708847,0.010952486582947282,30.913721930762733,23.009880638439665,37.767989299214086,1.8185458823529412,2.381392156862745,3045.187
B0018,179,discharge,1.523845267514426,3.493995853241935,2.4720838848798987,4.188929264481706,-1.8180385592622932,-2.0131819742858483,0.0022373072205481145,31.228215653165606,23.372100245576046,37.91919394450186,1.8090909090909093,2.3730948616600793,3028.469
B0018,181,discharge,1.5011920994261239,3.484377015629623,2.342731326096539,4.1852697593324315,-1.8085351614741645,-2.013496073486494,0.004404973809935046,31.261679783387308,23.432194318140894,37.99328509003338,1.7995976095617527,2.3474541832669322,3012.937
B0018,183,discharge,1.492417671450291,3.4859116793558376,2.4198650452188226,4.18799771486628,-1.8068041184926535,-2.0122733205325782,0.001780177000886265,31.18408593575448,23.292599343405758,37.984838024989045,1.798001606425703,2.348277108433735,2998.875
B0018,185,discharge,1.483323851940123,3.4842787539766786,2.438879997223475,4.187899339921793,-1.8050190987020625,-2.013027320256293,0.003198488331731842,31.001432353085377,23.099397757771566,37.8288851383529,1.7963781376518213,2.338991902834008,2983.547
B0018,188,discharge,1.4807376792294196,3.482988652120672,2.430465824271706,4.1882916128809375,-1.8118563821702207,-2.012954260463709,0.0033492168235809095,30.981374033120872,23.03846743756316,37.844837975501,1.802892244897959,2.347489795918367,2966.86
B0018,190,discharge,1.4735077809902477,3.483799876979844,2.4907267597860656,4.187409532380725,-1.8021525551783737,-2.012741175686338,0.003924536033092068,31.088687926688607,23.110947703655086,37.8984610468502,1.793182716049382,2.332164609053498,2954.797
B0018,192,discharge,1.46801928526661,3.4787540756450497,2.3678328028644775,4.188656943531829,-1.8092953592546854,-2.013377348559974,0.002327705686226338,31.336420133762665,23.4240998983518,38.27784043980244,1.8004537190082643,2.344665289256198,2945.735
B0018,194,discharge,1.4580923557119019,3.4752194351784507,2.3532703553328904,4.188198669984733,-1.8000309691416814,-2.013211476410487,0.0035939400914024445,31.22599987103565,23.211014993257855,38.24434303919528,1.7913327800829875,2.3332033195020747,2941.375
B0018,197,discharge,1.4478660988891399,3.470739535801023,2.362897904778893,4.184528192003684,-1.7981302589297092,-2.0142936610392694,0.004826343280178228,31.037323488688802,22.93446707088835,38.06956259266949,1.789596652719665,2.322623430962343,2923.953
B0018,200,discharge,1.4527808777541982,3.474600910003521,2.420200016704328,4.1927676322495895,-1.8058248446047425,-2.013245286480298,0.0030147593152949946,30.811349225731828,22.715597927537367,37.81744565252647,1.7971235294117645,2.337966386554622,2921.031
B0018,202,discharge,1.4425356364492432,3.4740521567700093,2.472605886588914,4.187873640279204,-1.795955865281378,-2.0138967840468363,0.00188911652035422,30.932223179746046,22.816866662883296,37.902567770354786,1.7870338983050844,2.321927966101695,2902.75
B0018,204,discharge,1.4392712877203313,3.475075728648004,2.483165462226557,4.1880559282136725,-1.7951057003644757,-2.0132739002306224,0.0014032197731020648,31.215527070380897,23.144424017860068,38.16628336469349,1.786205106382978,2.3212340425531917,2897.875
B0018,206,discharge,1.4286475681888218,3.472424307596416,2.4341986830086237,4.188063095530185,-1.7940097981352856,-2.0131642650090824,0.0030231667836495995,31.400797084337558,23.36546101646915,38.36789486715962,1.7851470085470083,2.3195982905982904,2892.094
B0018,209,discharge,1.4249026750004896,3.471751102262539,2.497859027600416,4.185913481526783,-1.7841592631620102,-2.012453716602352,0.0024527231990189072,31.259213269721236,23.10859423301546,38.19823604401131,1.7756489270386264,2.3025193133047215,2886.921
B0018,212,discharge,1.4698115324524124,3.4745407296058963,2.3747408457948316,4.187259539606346,-1.8136320536623207,-2.013506755621097,0.0031177160092426474,31.134701292957466,23.10528361267006,38.099982807571635,1.8047063291139243,2.349945147679325,2942.531
B0018,214,discharge,1.4525819651050202,3.471720060423485,2.3589340839760866,4.187670932765983,-1.8109604460875317,-2.014872086495032,0.002504583669096718,31.246879695988095,23.26167836334653,38.214523782841354,1.802108547008547,2.3449188034188033,2912.469
B0018,216,discharge,1.442834198908794,3.471398409828823,2.4413266342198545,4.187836103953847,-1.800802328247715,-2.0126300040805116,0.0016023425232613384,31.027558674438325,23.027044613835702,37.939696536164234,1.7917603448275863,2.3282887931034484,2895.594
B0018,218,discharge,1.428376058807949,3.4626491088970703,2.311419659807122,4.18719517574786,-1.798647877727257,-2.012054810012164,0.0024115620742285447,30.931917385258963,22.789023525262486,38.06666733482501,1.7899356521739134,2.3198782608695656,2884.406
B0018,220,discharge,1.4154547844370715,3.466072725920186,2.4953159238201255,4.183339938829854,-1.7804067367547436,-2.011816454093025,0.003922239513771784,30.667082236656018,22.47935333131366,37.63260475617888,1.7716611353711793,2.2893668122270743,2873.766
B0018,223,discharge,1.454576670077708,3.4730670533412877,2.4398479869382084,4.192209704853633,-1.8167125180994765,-2.0147251295387147,0.003202237339106182,31.226789107710772,23.14563143539215,38.18223603956323,1.8076278260869558,2.350430434782609,2893.375
B0018,225,discharge,1.4283179548274056,3.4668548162926327,2.376538319699514,4.1866224559264715,-1.7981268087177564,-2.01362953818943,0.0022908479361973973,31.387733116648285,23.299987417730907,38.3907466519188,1.7893737991266367,2.319371179039301,2884.9839999999967
B0018,227,discharge,1.4197026883204058,3.46527367520258,2.3722299202290382,4.186945959000922,-1.7964439222994821,-2.0143431411678145,0.002742773505057746,31.505666838292886,23.43938495660897,38.51622654624205,1.787525110132158,2.3141453744493394,2870.234
B0018,229,discharge,1.4155606630306516,3.4638878223448684,2.361475505115684,4.1874400308161395,-1.795371462470329,-2.013805013275104,0.002494763805785208,31.5462258449116,23.52414825084503,38.56612180540248,1.7864991150442473,2.3136017699115046,2864.11
B0018,232,discharge,1.405680035419228,3.457807923440064,2.317937855025735,4.1845980039811215,-1.7937175263130196,-2.0140103653857673,0.003657732380165694,31.389977882297476,23.166973356692417,38.5606541602861,1.7846446428571423,2.3010937499999997,2846.64
B0018,235,discharge,1.4084461071166137,3.459813554486507,2.3372859753156225,4.186742025132256,-1.8014517734888207,-2.01313706710909,0.0021603358076119307,31.385433749863733,23.275962802186438,38.53842073636507,1.7926789237668155,2.31747533632287,2839.532
B0018,237,discharge,1.3968547782872414,3.458027727779737,2.3528810264952194,4.1871520936423146,-1.7915215753378781,-2.0146560328783325,0.003971959499767635,31.423707199142058,23.24250038456045,38.548873480234754,1.7827513513513507,2.302243243243243,2832.703
B0018,239,discharge,1.3935670371440676,3.4613996718507845,2.4646122144537173,4.187096292904282,-1.7816941240706174,-2.013905602750019,0.003500477982654989,31.435368910968148,23.25643130784119,38.45838357496903,1.7727565610859721,2.2900090497737557,2827.077999999994
B0018,241,discharge,1.3893644292809475,3.4611285476693214,2.4684655225527004,4.187367312766795,-1.7797379985412234,-2.0129862192992305,0.0019150019110163161,31.542375291159843,23.40948042071164,38.54382874673793,1.770660273972602,2.2865068493150686,2821.531
B0018,244,discharge,1.3785651415666713,3.455556822823358,2.4092923539400735,4.18534593452204,-1.7856528650965158,-2.0130373888261315,0.0035633455174765133,31.52669677306915,23.25216185853628,38.650883957434026,1.776681481481481,2.2854814814814812,2805.156
B0018,247,discharge,1.384901110085747,3.459598362944341,2.477625480372779,4.186646524222555,-1.7784070647657095,-2.012440412153309,0.0025270257598763997,31.435921914290372,23.267794615238977,38.45654834997334,1.7696045871559627,2.28244495412844,2814.906
B0018,249,discharge,1.3703251814242443,3.4506569891269216,2.335608852853518,4.184730834033599,-1.7778412667349817,-2.014185743260078,0.0023090961991655713,31.475238112886494,23.181832500776718,38.6564130442344,1.7685695852534558,2.270115207373272,2801.156
B0018,251,discharge,1.3733464385229082,3.455515243082573,2.441999086782534,4.187175976285891,-1.7764462760420034,-2.014463667770562,0.002745502446135923,31.5817445550721,23.347201662807525,38.655587491253975,1.7675111111111108,2.276078703703704,2794.187
B0018,253,discharge,1.3679487285504814,3.455840338587253,2.4651687831472158,4.186108406696249,-1.7752748972563315,-2.0133489214151132,0.003537652556034693,31.647958536134297,23.433341482891272,38.6997087046862,1.7664120930232552,2.2748976744186047,2785.391
B0018,256,discharge,1.3567141087089647,3.448678293668265,2.370892032033162,4.183460397462309,-1.7742013268724648,-2.013428528654807,0.00777136119727041,31.662032275252905,23.298067848672567,38.87481687744787,1.7653336448598125,2.2649299065420565,2779.5
B0018,259,discharge,1.4604310209194575,3.474503178644755,2.461879783248223,4.187091541628412,-1.8196650877007408,-2.01277944734302,0.0026017060660145164,30.434500875864142,22.45542569835154,37.363974526077364,1.8106107623318377,2.3539730941704033,2899.234
B0018,261,discharge,1.4500998937104097,3.474031881945217,2.4247066368907255,4.18736921126964,-1.8096836854216038,-2.0200047420918392,0.009113413153803115,31.017997058077018,23.061560846748243,37.88258787662229,1.8007792792792787,2.3409054054054055,2894.922
B0018,263,discharge,1.4381406901824496,3.474404210386772,2.4447222974031386,4.187597633155394,-1.7993287687468955,-2.0133646895300226,0.0037645837135773905,31.39483761465523,23.475330204930167,38.158980736604235,1.7906696832579183,2.3295203619909506,2888.25
B0018,265,discharge,1.4283681980964316,3.471767043833224,2.443569395327192,4.187608979498198,-1.7959419603883284,-2.0145941601021073,0.004329207944597547,31.24511885640641,23.342810660410986,38.05243159675446,1.787275,2.324389423076923,2873.906
B0018,267,discharge,1.4147874517552432,3.4685305272975935,2.4666000274194886,4.186194120124063,-1.7956017209600372,-2.0124706482591095,0.00414847549756057,31.05306925187263,23.05129068270268,37.89096376444466,1.78683133640553,2.3143732718894006,2847.406
B0018,270,discharge,1.413889163393182,3.4651213646662598,2.4272514813701016,4.186991375693876,-1.7929541659933774,-2.0131822133527364,0.004724226515961871,30.88589263299331,22.881894923564886,37.81203585126145,1.7842058536585361,2.3094634146341466,2849.281
B0018,272,discharge,1.3989331662177225,3.4652879859475885,2.4762628371779,4.185443351643291,-1.784474211719448,-2.0130225462243683,0.0013113732243447548,31.053992379018933,22.925649519285958,37.9591954678784,1.7757302325581386,2.296106976744186,2833.688
B0018,274,discharge,1.3953322584033976,3.461799526154992,2.3607989727330003,4.186308413669027,-1.793581043096934,-2.0189079388265974,0.0025506726829285183,31.492840068071885,23.438805891313166,38.521043498835155,1.7840532710280366,2.3049439252336446,2826.453
B0018,276,discharge,1.390046129540245,3.463260140320492,2.377011586588198,4.187179397572641,-1.7920645354970144,-2.012765928007659,0.007811398672227585,31.93832684630049,23.89396136161553,38.878687997701746,1.7830206572769947,2.30437558685446,2818.312
B0018,279,discharge,1.3860271454209647,3.462839429201602,2.4567563196678455,4.1854460754417,-1.7809541104468565,-2.0130424938927276,0.0028245095443000727,31.74562722135923,23.638036923350842,38.65118899876309,1.772414150943396,2.28461320754717,2812.7189999999973
B0018,282,discharge,1.388215260193751,3.4569152237960306,2.3277314025979847,4.193052368415502,-1.7989851707207014,-2.012206599766764,0.002422871753456174,31.31018499405759,23.131840707705734,38.434235278537344,1.790287203791469,2.3094834123222747,2803.5
B0018,284,discharge,1.3761826562394497,3.4574690175816127,2.4537913827403948,4.186241953638429,-1.7873231599598716,-2.012141821898546,0.003192129137073553,31.127360345471814,23.032251614508017,38.103875724329995,1.7787224880382773,2.289468899521531,2783.25
B0018,286,discharge,1.3647168898640165,3.4502191781217797,2.3475608877759067,4.186011006323472,-1.7861666392556754,-2.01231372073967,0.003924964064534741,30.985550813719595,22.829010081336715,38.12742842632319,1.7776624999999997,2.2845961538461537,2776.391
B0018,288,discharge,1.3589854739373584,3.4486728051793962,2.3558347560196564,4.18675624032869,-1.7849995504167615,-2.0131811880616888,0.002101974331477834,30.899653280757406,22.67782621456358,38.03962943213698,1.7765951690821253,2.2804057971014493,2766.516
B0018,291,discharge,1.3462308764008801,3.444632719716698,2.3791102362944754,4.1831553230638425,-1.778331020505836,-2.0132734649228214,0.002880850510536099,30.706123644966482,22.35025648802666,37.85657903247749,1.7699512437810943,2.266696517412935,2751.516
B0018,294,discharge,1.4268427818454643,3.467272639213176,2.444740635238248,4.191989955143364,-1.809775952165901,-2.013950042532596,0.0031832258024873626,30.47122187456595,22.367517988223096,37.43017193410286,1.8007009433962262,2.331316037735849,2848.859
B0018,296,discharge,1.4064481483279663,3.464490491162134,2.431867772331712,4.185628679672912,-1.7896694300229208,-2.012375320433943,0.0020467170443975663,30.939221783021114,22.904023394656047,37.8264149292754,1.7808132701421802,2.3021184834123223,2840.016
B0018,298,discharge,1.3934907492075153,3.459667012281024,2.344037291947413,4.186834478731371,-1.7970097248124899,-2.0124205467796688,0.0033289159470451285,31.111640631561894,23.11186259982214,38.08307173716899,1.788268899521531,2.3096411483253587,2817.375
B0018,300,discharge,1.3882493512249316,3.462241956955771,2.456436863057259,4.186613091061155,-1.7861513769566684,-2.0131578787415245,0.003253304712230313,31.037910219908994,23.04417103672731,37.88279649093536,1.777657692307692,2.2961923076923076,2809.234
B0018,302,discharge,1.3701878338420928,3.4555661695067355,2.395547668334432,4.183907160253637,-1.784162084841115,-2.0123169807019234,0.004023509653083662,30.967950840538833,22.83426471365,37.96027066990377,1.7755058252427183,2.282247572815534,2791.187
B0018,305,discharge,1.3796951665608619,3.458696199585801,2.4536749172979215,4.18533882899107,-1.7845257009241222,-2.0152254170182307,0.0030324690133305163,30.93996203578424,22.83589303178486,37.880513353762176,1.7755514563106791,2.287898058252427,2794.016
B0018,307,discharge,1.3686586323935683,3.4525282614097663,2.3062728144586413,4.185280284017658,-1.7920667435100546,-2.01421415925087,0.011629893425885716,31.295019295352862,23.179921311075763,38.43416278222213,1.783262745098039,2.2909950980392155,2774.719
B0018,309,discharge,1.3627371779096438,3.4552290080443044,2.3471092023857154,4.186281579801858,-1.782779873271704,-2.0128415184323125,0.001790405186493135,31.81846533166901,23.715085051859607,38.847489737859576,1.7735049019607836,2.2857499999999997,2777.844
B0018,311,discharge,1.3634051133928073,3.4619744219744675,2.4884289104730986,4.185356132672309,-1.7725212915953121,-2.014392678620289,0.004782655629114369,32.00067162597675,24.038521624132176,38.80283421497622,1.7635431372549017,2.2768676470588236,2781.125
B0018,314,discharge,1.3518646035305233,3.452221905520614,2.3992178234155577,4.181406543107895,-1.769870119236631,-2.012835608795986,0.004238943215349039,31.73992229230571,23.56288829160871,38.72699121838442,1.7612108910891084,2.262391089108911,2760.906
B0018,317,discharge,1.3547969729652622,3.447650049442191,2.2786338886500292,4.185252405343103,-1.7884847819526568,-2.011864019911752,0.003419727085108473,31.52613649688221,23.401477050368772,38.67191958148309,1.7798885572139298,2.2866567164179106,2753.25
B0018,319,discharge,1.341051440640485,3.447928507599004,2.3655846763383734,4.185763363191996,-1.77774044867741,-2.0128686821286053,0.003082458417792545,31.27624493654335,23.123582937943876,38.371813640118894,1.7688349999999997,2.2699650000000005,2742.843
